"Player","Team","Positions","PTS","REB","AST","BLK","STL","FG%","FT%","3PM","TO","GP","MIN","FTM","2PM","A/TO","PF"
"Jayson Tatum","BOS","SF,PF","2,225","649","342","51","78",".466",".854","240","213","74","2,732","531","487","1.61","160"
"Joel Embiid","PHI","PF,C","2,183","670","274","112","66",".548",".857","66","226","66","2,284","661","662","1.21","205"
"Luka Doncic","DAL","PG,SG","2,138","569","529","33","90",".496",".742","185","236","66","2,391","515","534","2.24","166"
"Shai Gilgeous-Alexander","OKC","PG,SG","2,135","329","371","65","112",".510",".905","58","192","68","2,416","669","646","1.93","192"
"Giannis Antetokounmpo","MIL","PF,C","1,959","742","359","51","52",".553",".645","47","247","63","2,023","498","660","1.45","197"
"Anthony Edwards","MIN","SG,SF","1,946","458","350","58","125",".459",".756","213","259","79","2,842","319","494","1.35","186"
"Julius Randle","NYK","PF,C","1,936","767","316","21","49",".460",".757","218","216","77","2,737","402","440","1.46","233"
"Donovan Mitchell","CLE","PG,SG","1,922","289","301","27","99",".484",".867","245","180","68","2,432","319","434","1.67","168"
"Trae Young","ATL","PG","1,914","217","741","9","80",".430",".886","154","300","73","2,541","566","443","2.47","104"
"Zach LaVine","CHI","SG,SF","1,913","345","326","18","69",".485",".848","204","194","77","2,768","363","469","1.68","159"
"Damian Lillard","POR","PG","1,866","277","425","18","50",".463",".914","244","191","58","2,107","510","312","2.23","109"
"De'Aaron Fox","SAC","PG","1,826","306","447","23","83",".512",".780","119","181","73","2,435","343","563","2.47","172"
"DeMar DeRozan","CHI","SF,PF,SG","1,816","343","377","36","83",".504",".872","46","153","74","2,681","456","611","2.46","186"
"Jaylen Brown","BOS","SG,SF","1,784","459","232","26","75",".491",".765","163","197","67","2,405","263","516","1.18","172"
"Pascal Siakam","TOR","PF,C","1,720","556","414","36","65",".480",".774","93","169","71","2,652","367","537","2.45","228"
"Lauri Markkanen","UTH","PF,C","1,691","570","123","38","42",".499",".875","200","127","66","2,273","349","371","0.97","137"
"Nikola Jokic","DEN","PF,C","1,690","817","678","47","87",".632",".822","57","247","69","2,324","341","589","2.74","174"
"Jalen Green","HOU","SG","1,683","284","281","18","59",".417",".786","187","200","76","2,602","364","379","1.41","131"
"Jordan Poole","WAS","PG,SG","1,675","225","369","21","63",".430",".870","214","252","82","2,459","361","336","1.46","214"
"Mikal Bridges","BKN","SG,SF","1,671","364","273","61","91",".468",".895","169","127","83","2,962","316","424","2.15","159"
"Stephen Curry","GSW","PG,SG","1,648","341","352","20","52",".493",".915","273","179","56","1,941","257","286","1.97","117"
"Jalen Brunson","NYK","PG,SG","1,633","241","421","15","61",".491",".829","134","142","68","2,378","325","453","2.96","152"
"Kyrie Irving","DAL","PG,SG","1,623","304","331","45","67",".494",".905","188","128","60","2,240","247","406","2.59","165"
"Ja Morant","MEM","PG SUS","1,596","358","493","16","66",".466",".749","92","206","61","1,948","372","474","2.39","100"
"LeBron James","LAL","PG,SG,SF,PF","1,590","457","375","32","50",".500",".768","121","178","55","1,954","251","488","2.11","88"
"CJ McCollum","NOR","PG,SG","1,568","328","429","38","69",".437",".769","211","183","75","2,649","183","376","2.34","153"
"Bam Adebayo","MIA","PF,C","1,529","688","240","61","88",".540",".806","1","187","75","2,598","324","601","1.28","208"
"Dejounte Murray","ATL","PG,SG","1,515","389","448","19","112",".464",".832","133","160","74","2,693","158","479","2.80","106"
"Domantas Sabonis","SAC","PF,C","1,510","973","573","39","65",".615",".742","31","230","79","2,736","325","546","2.49","279"
"Klay Thompson","GSW","SG,SF","1,509","286","163","29","49",".436",".879","301","123","69","2,279","116","245","1.33","130"
"Kristaps Porzingis","BOS","PF,C","1,505","546","174","100","58",".498",".851","137","137","65","2,120","354","370","1.27","196"
"Darius Garland","CLE","PG,SG","1,491","185","538","9","85",".462",".863","169","199","69","2,448","278","353","2.70","148"
"Franz Wagner","ORL","SG,SF","1,485","329","283","17","77",".485",".842","130","167","80","2,609","271","412","1.69","183"
"Devin Booker","PHO","SG,SF,PG","1,471","240","293","18","51",".494",".855","111","145","53","1,835","306","416","2.02","159"
"Jimmy Butler","MIA","SF,PF,SG","1,466","374","340","21","117",".539",".851","36","101","64","2,138","472","443","3.37","80"
"Anthony Davis","LAL","PF,C","1,451","702","148","114","59",".563",".784","19","122","56","1,904","348","523","1.21","146"
"Nikola Vucevic","CHI","C","1,447","903","266","57","60",".520",".835","121","139","82","2,746","132","476","1.91","179"
"Paolo Banchero","ORL","PF","1,437","497","269","39","60",".427",".738","85","200","72","2,430","394","394","1.35","160"
"RJ Barrett","NYK","SG,SF","1,431","368","201","15","31",".434",".740","121","164","73","2,477","290","389","1.23","179"
"Keldon Johnson","SAS","SF,PF","1,385","318","183","11","46",".452",".749","134","134","63","2,063","245","369","1.37","125"
"Spencer Dinwiddie","BKN","PG,SG","1,369","270","514","24","67",".438",".812","181","145","79","2,725","268","279","3.54","187"
"Kevin Durant","PHO","SF,PF","1,366","313","235","68","34",".560",".919","93","156","47","1,672","307","390","1.51","99"
"Kyle Kuzma","WAS","SF,PF","1,357","463","239","29","36",".448",".730","160","190","64","2,239","173","352","1.26","145"
"Tyler Herro","MIA","PG,SG","1,347","360","280","16","51",".439",".934","203","158","67","2,336","170","284","1.77","101"
"Buddy Hield","IND","SG,SF","1,344","400","225","26","92",".458",".822","288","139","80","2,482","106","187","1.62","156"
"Fred VanVleet","TOR","PG,SG","1,335","280","496","38","123",".393",".898","207","140","69","2,535","254","230","3.54","193"
"Paul George","LAC","SF,PF,SG","1,332","342","288","20","83",".457",".871","158","176","56","1,939","256","301","1.64","159"
"Terry Rozier","CHA","PG,SG","1,329","259","319","16","74",".415",".809","165","134","63","2,221","178","328","2.38","119"
"Anfernee Simons","POR","PG,SG","1,306","161","253","14","42",".447",".894","212","128","62","2,169","160","255","1.98","142"
"Bennedict Mathurin","IND","SF","1,301","318","116","13","48",".434",".830","100","152","78","2,223","375","313","0.76","162"
"Jamal Murray","DEN","PG,SG","1,298","257","400","16","66",".454",".833","172","145","65","2,133","180","301","2.76","103"
"Jrue Holiday","MIL","PG,SG","1,290","341","495","25","79",".479",".859","158","197","67","2,184","152","332","2.51","116"
"Jerami Grant","POR","SF,PF","1,290","283","150","53","51",".475",".813","144","116","63","2,246","278","290","1.29","152"
"Evan Mobley","CLE","C,PF","1,276","711","224","119","60",".554",".673","22","146","79","2,715","204","503","1.53","218"
"Bojan Bogdanovic","DET","SF,PF","1,273","223","152","8","34",".488",".885","145","135","59","1,893","268","285","1.13","113"
"Jordan Clarkson","UTH","PG,SG","1,271","246","270","13","33",".444",".816","155","186","61","1,988","200","303","1.45","120"
"D'Angelo Russell","LAL","PG,SG","1,263","215","437","29","69",".470",".829","194","186","71","2,304","179","251","2.35","140"
"Josh Giddey","OKC","PG,SG","1,260","599","469","31","57",".482",".731","76","211","76","2,367","106","463","2.22","143"
"Desmond Bane","MEM","PG,SG,SF","1,247","291","254","22","56",".479",".883","166","126","58","1,841","181","284","2.02","150"
"Kawhi Leonard","LAC","SG,SF,PF OUT","1,239","338","204","28","72",".512",".871","104","88","52","1,747","243","342","2.32","84"
"Brook Lopez","MIL","C","1,239","520","99","193","38",".531",".784","136","107","78","2,372","149","341","0.93","203"
"Harrison Barnes","SAC","SF,PF","1,230","366","128","10","57",".473",".848","132","86","82","2,662","350","242","1.49","103"
"Tyrese Maxey","PHI","PG,SG","1,218","176","212","8","49",".481",".845","160","80","60","2,017","180","279","2.65","132"
"James Harden","PHI","PG,SG","1,216","354","618","31","71",".441",".867","161","195","58","2,135","313","210","3.17","112"
"Immanuel Quickley","NYK","PG","1,209","337","279","14","80",".448",".819","168","100","81","2,343","203","251","2.79","166"
"Jaden Ivey","DET","PG","1,204","288","387","17","61",".416",".747","120","237","74","2,304","266","289","1.63","242"
"Deandre Ayton","PHO","C","1,203","667","115","53","37",".589",".760","7","120","67","2,035","152","515","0.96","190"
"Scottie Barnes","TOR","SF,PF","1,179","512","371","61","83",".456",".772","63","154","77","2,678","190","400","2.41","170"
"Jaren Jackson Jr.","MEM","PF,C","1,173","426","60","189","65",".506",".788","100","107","63","1,788","241","316","0.56","227"
"Tyrese Haliburton","IND","PG,SG","1,161","205","585","25","91",".490",".867","161","141","56","1,883","176","251","4.15","69"
"Bradley Beal","PHO","SG,SF","1,160","196","271","33","45",".506",".842","80","145","50","1,673","192","364","1.87","107"
"Russell Westbrook III","LAC","PG","1,159","423","550","33","76",".436",".656","89","255","73","2,126","206","343","2.16","162"
"Trey Murphy III","NOR","SG,SF","1,148","281","112","43","89",".484",".905","202","61","79","2,448","172","185","1.84","155"
"Gary Trent Jr.","TOR","SG,SF","1,148","173","106","14","104",".433",".839","166","55","66","2,118","172","239","1.93","102"
"P.J. Washington","CHA","PF,C","1,144","358","175","79","66",".444",".730","149","110","73","2,380","127","285","1.59","193"
"Kevin Huerter","SAC","SG,SF","1,140","251","221","24","80",".485",".725","205","97","75","2,203","95","215","2.28","181"
"Kevin Porter Jr.","HOU","SG,SF,PG","1,130","314","338","17","82",".442",".784","141","188","59","2,025","207","250","1.80","156"
"O.G. Anunoby","TOR","SF,PF","1,124","332","131","50","128",".476",".838","142","132","67","2,386","140","279","0.99","200"
"Jonas Valanciunas","NOR","C","1,115","804","140","52","20",".547",".826","38","159","79","1,968","185","408","0.88","245"
"Christian Wood","DAL","PF,C","1,114","491","121","72","30",".515",".772","105","121","67","1,738","217","291","1.00","169"
"Myles Turner","IND","PF,C","1,113","466","89","140","36",".548",".783","93","103","63","1,825","216","309","0.86","215"
"Brandon Ingram","NOR","SF,PF","1,112","246","262","19","32",".484",".882","64","148","45","1,538","240","340","1.77","116"
"Aaron Gordon","DEN","SF,PF","1,109","446","203","51","54",".564",".608","60","98","68","2,057","191","369","2.07","129"
"Alperen Sengun","HOU","C","1,109","678","291","70","70",".553",".715","19","193","75","2,171","206","423","1.51","258"
"Tobias Harris","PHI","SF,PF","1,085","424","186","40","68",".501",".876","126","89","74","2,436","113","297","2.09","149"
"Michael Porter Jr.","DEN","SF,PF","1,080","341","65","29","37",".487",".800","188","68","62","1,797","96","210","0.96","119"
"Saddiq Bey","ATL","SF","1,062","362","118","13","70",".422",".861","151","71","77","2,129","205","202","1.66","123"
"Jalen Williams","OKC","SG","1,056","337","248","35","103",".521",".812","73","123","75","2,276","155","341","2.02","191"
"Dillon Brooks","MEM","SG,SF","1,047","244","189","16","65",".396",".779","143","104","73","2,214","120","249","1.82","240"
"Malik Monk","SAC","PG,SG","1,041","203","298","20","49",".449",".889","143","146","77","1,719","184","214","2.04","125"
"Kenyon Martin Jr.","HOU","SF,PF","1,039","452","123","30","41",".569",".680","68","91","82","2,292","151","342","1.35","147"
"De'Andre Hunter","ATL","SF,PF","1,029","284","94","17","35",".461",".826","100","82","67","2,126","171","279","1.15","199"
"Malik Beasley","LAL","PG,SG,SF","1,025","283","124","9","65",".395",".769","235","90","81","2,091","50","135","1.38","107"
"Norman Powell","LAC","SG,SF","1,019","175","110","18","50",".479",".812","114","101","60","1,567","225","226","1.09","125"
"Tim Hardaway Jr.","DAL","SG,SF","1,019","251","130","12","49",".401",".770","212","60","71","2,152","127","128","2.17","120"
"Derrick White","BOS","PG,SG","1,017","293","321","76","54",".462",".875","149","95","82","2,319","168","201","3.38","177"
"Luguentz Dort","OKC","SG,SF","1,013","344","154","23","75",".388",".772","135","92","74","2,272","200","204","1.67","243"
"Jabari Smith Jr.","HOU","PF","1,010","569","101","74","43",".408",".786","120","104","79","2,451","162","244","0.97","227"
"Malcolm Brogdon","BOS","PG,SG","1,000","280","248","18","45",".484",".870","132","98","67","1,744","160","222","2.53","109"
"Bobby Portis Jr.","MIL","PF,C","987","672","105","16","29",".496",".768","95","81","70","1,818","96","303","1.30","115"
"Keegan Murray","SAC","PF","976","371","98","42","61",".453",".765","206","60","80","2,382","62","148","1.63","162"
"Kelly Oubre Jr.","CHA","SG,SF,PF","972","249","54","18","67",".431",".760","108","64","48","1,548","158","245","0.84","141"
"Jarrett Allen","CLE","C","969","666","113","84","54",".644",".733","1","93","68","2,217","162","402","1.22","153"
"Nic Claxton","BKN","C,PF","961","702","144","189","64",".705",".541","0","96","76","2,271","133","414","1.50","212"
"Jaden McDaniels","MIN","PF,SF","953","307","148","76","74",".516",".736","107","112","79","2,416","106","263","1.32","272"
"Rudy Gobert","MIN","C","939","814","87","95","57",".659",".644","0","122","70","2,148","219","360","0.71","210"
"John Collins","ATL","PF,C","931","462","85","73","42",".508",".803","70","79","71","2,130","143","289","1.08","220"
"Max Strus","MIA","SG,SF","923","258","171","12","42",".410",".876","197","70","80","2,271","78","127","2.44","166"
"Bruce Brown Jr.","DEN","SG,SF","923","328","268","51","87",".483",".758","91","123","80","2,280","116","267","2.18","190"
"Caris LeVert","CLE","SG,SF","897","282","287","24","72",".431",".722","127","116","74","2,240","130","193","2.47","170"
"Jakob Poeltl","TOR","C","897","653","197","86","66",".629",".592","0","125","72","1,906","119","389","1.58","195"
"Tre Jones","SAS","PG","875","245","448","9","89",".459",".861","45","110","68","1,983","148","296","4.07","98"
"Wendell Carter Jr.","ORL","C","868","497","132","33","30",".526",".739","80","106","57","1,690","144","242","1.25","159"
"Mason Plumlee","LAC","PF,C","857","699","245","47","46",".680",".636","0","116","79","2,054","199","329","2.11","217"
"Eric Gordon","LAC","SG,SF","856","134","183","25","43",".446",".821","132","104","69","1,965","142","159","1.76","78"
"Kelly Olynyk","UTH","PF,C","847","420","252","37","60",".499",".853","93","168","68","1,944","198","185","1.50","232"
"LaMelo Ball","CHA","PG,SG OUT","838","231","304","11","45",".411",".836","144","129","36","1,268","102","152","2.36","118"
"Markelle Fultz","ORL","PG,SG","837","234","341","26","87",".514",".783","27","139","60","1,778","112","322","2.45","131"
"Patrick Williams","CHI","SF,PF","833","327","100","70","72",".464",".857","115","101","82","2,322","90","199","0.99","147"
"Austin Reaves","LAL","SG","833","193","215","19","33",".529",".864","86","99","64","1,843","229","173","2.17","108"
"Dennis Schroder","LAL","PG","830","165","298","10","50",".415",".857","74","112","66","1,986","216","196","2.66","145"
"Tyus Jones","WAS","PG","823","200","417","6","83",".438",".800","121","74","80","1,940","80","190","5.64","32"
"Kentavious Caldwell-Pope","DEN","PG,SG,SF","822","208","183","35","112",".462",".824","135","86","76","2,381","103","157","2.13","145"
"Corey Kispert","WAS","SG,SF","820","207","87","9","32",".497",".852","163","55","74","2,093","75","128","1.58","97"
"Chris Paul","GSW","PG","819","251","524","22","91",".440",".831","98","114","59","1,889","133","196","4.60","126"
"Ivica Zubac","LAC","C","818","756","77","98","29",".634",".698","0","117","76","2,170","166","326","0.66","219"
"Quentin Grimes","NYK","SG","799","229","150","26","47",".468",".796","157","69","71","2,121","78","125","2.17","177"
"Mike Conley","MIN","PG","798","182","450","14","73",".428",".834","135","103","67","2,028","141","126","4.37","139"
"Onyeka Okongwu","ATL","PF,C","791","576","81","107","56",".638",".781","4","81","80","1,849","153","313","1.00","251"
"Shaedon Sharpe","POR","SG","789","236","94","24","38",".472",".714","102","83","80","1,779","75","204","1.13","136"
"Killian Hayes","DET","PG,SG","786","221","470","28","104",".377",".821","80","173","76","2,154","92","227","2.72","220"
"Cole Anthony","ORL","PG","781","288","235","31","37",".454",".894","75","91","60","1,552","152","202","2.58","158"
"Naz Reid","MIN","C","781","333","77","53","42",".537",".677","75","92","68","1,251","86","235","0.84","176"
"De'Anthony Melton","PHI","PG,SG","780","312","199","41","126",".426",".793","157","102","77","2,149","69","120","1.95","191"
"Clint Capela","ATL","C","779","716","58","79","45",".653",".603","0","54","65","1,730","79","350","1.07","139"
"Tari Eason","HOU","SF","760","496","88","47","96",".449",".752","59","101","82","1,768","109","237","0.87","189"
"Bogdan Bogdanovic","ATL","SF,PF,SG","756","165","150","18","43",".447",".831","146","65","54","1,508","64","127","2.31","86"
"Jalen McDaniels","PHI","PF,C","755","346","130","34","83",".455",".841","77","93","80","1,913","116","204","1.40","209"
"Zion Williamson","NOR","PF OUT","754","202","133","16","32",".608",".714","7","99","29","956","177","278","1.34","65"
"Grayson Allen","MIL","SG,SF","750","237","163","14","62",".440",".905","146","72","72","1,972","114","99","2.26","117"
"Josh Hart","NYK","SG,SF","743","593","290","21","88",".529",".750","61","117","76","2,454","132","214","2.48","195"
"Aaron Nesmith","IND","SG,SF","738","277","98","34","55",".427",".838","115","74","73","1,816","119","137","1.32","235"
"Gordon Hayward","CHA","SG,SF","733","215","206","12","42",".475",".811","52","99","50","1,577","129","224","2.08","70"
"Zach Collins","SAS","PF,C","731","402","180","49","37",".518",".761","55","129","63","1,441","108","229","1.40","199"
"Marcus Morris Sr.","LAC","PF,C,SF","728","258","114","21","42",".426",".782","112","56","65","1,825","68","162","2.04","136"
"Coby White","CHI","PG,SG","715","212","204","6","54",".443",".871","128","74","74","1,730","61","135","2.76","122"
"Terance Mann","LAC","SF,SG","713","276","184","22","42",".520",".780","77","80","81","1,872","92","195","2.30","149"
"Chris Boucher","TOR","PF,C","712","421","29","64","47",".494",".762","62","41","76","1,523","128","199","0.71","143"
"Andrew Nembhard","IND","PG","709","199","341","13","70",".441",".790","92","126","75","2,073","49","192","2.71","179"
"Rui Hachimura","LAL","SF,PF","707","283","58","26","19",".486",".740","51","53","63","1,466","88","233","1.09","72"
"Daniel Gafford","WAS","C,PF","705","433","84","99","33",".732",".679","0","85","78","1,604","127","289","0.99","187"
"Jaylen Nowell","MIN","SG","704","170","132","5","42",".449",".778","67","65","65","1,252","77","213","2.03","101"
"Marcus Smart","MEM","PG,SG","703","191","382","23","93",".415",".746","115","143","61","1,957","88","135","2.67","172"
"Devin Vassell","SAS","SG,SF","703","148","136","17","43",".439",".780","103","57","38","1,180","78","158","2.39","57"
"Talen Horton-Tucker","UTH","SG,SF","698","210","246","29","41",".419",".750","58","126","65","1,313","126","199","1.95","108"
"Naji Marshall","NOR","SF","698","279","189","14","54",".433",".789","66","97","77","1,792","138","181","1.95","113"
"Deni Avdija","WAS","SG,SF,PF","697","487","211","29","65",".437",".739","69","123","76","2,020","122","184","1.72","209"
"Santi Aldama","MEM","PF,C","696","371","97","48","45",".471",".750","94","60","77","1,681","108","153","1.62","143"
"Jusuf Nurkic","POR","C","694","471","149","44","43",".519",".662","43","119","52","1,391","127","219","1.25","185"
"Reggie Jackson","DEN","PG,SG","693","144","233","6","47",".411",".910","96","115","68","1,657","71","167","2.03","114"
"Isaiah Joe","OKC","SG","691","175","88","8","48",".441",".820","161","39","73","1,395","82","63","2.26","105"
"Ayo Dosunmu","CHI","PG,SG","687","220","206","26","62",".493",".805","59","99","80","2,098","66","222","2.08","182"
"Collin Sexton","UTH","PG,SG","685","105","138","6","27",".506",".819","48","85","48","1,145","163","189","1.62","112"
"Caleb Martin","MIA","G","683","344","117","31","71",".464",".805","84","78","71","2,077","91","170","1.50","145"
"Walker Kessler","UTH","C","679","620","69","173","26",".720",".516","1","58","74","1,703","82","297","1.19","169"
"Donte DiVincenzo","GSW","PG,SG","678","325","252","10","97",".435",".817","150","112","72","1,894","58","85","2.25","133"
"Malaki Branham","SAS","SG","673","181","127","7","33",".440",".829","77","76","66","1,550","58","192","1.67","115"
"Royce O'Neale","BKN","SF,PF","671","384","284","49","65",".386",".725","163","114","76","2,409","50","66","2.49","239"
"Cedi Osman","CLE","SF,PF","669","176","115","12","35",".451",".694","116","52","77","1,548","75","123","2.21","122"
"Jonathan Kuminga","GSW","SF,PF","666","231","125","31","41",".525",".652","54","95","67","1,394","90","207","1.32","157"
"Bones Hyland","LAC","PG,SG","659","135","172","15","39",".399",".843","117","82","56","1,086","86","111","2.10","96"
"Doug McDermott","SAS","SF,PF","654","138","91","6","13",".457",".757","123","58","64","1,314","53","116","1.57","118"
"Josh Richardson","NOR","SG,SF","654","175","174","20","69",".431",".852","107","86","65","1,531","69","132","2.02","117"
"Lonnie Walker IV","LAL","SG,SF","654","109","64","17","30",".448",".859","91","46","56","1,297","91","145","1.39","71"
"Alec Burks","DET","SG,SF","652","158","114","8","38",".436",".814","99","58","51","1,122","153","101","1.97","98"
"Jevon Carter","MIL","PG,SG","651","202","197","30","66",".423",".816","142","78","81","1,810","31","97","2.53","158"
"Cameron Johnson","BKN","SF,PF","650","185","78","14","50",".471",".842","103","37","42","1,200","101","120","2.11","83"
"T.J. McConnell","IND","PG,SG","650","234","397","10","81",".543",".853","26","143","75","1,526","58","257","2.78","105"
"Herbert Jones","NOR","SF","649","269","162","42","104",".469",".764","56","88","66","1,950","123","179","1.84","208"
"Kyle Anderson","MIN","SF,PF","647","368","335","63","78",".509",".735","43","103","69","1,957","100","209","3.25","146"
"Keita Bates-Diop","SAS","SF,PF","647","248","103","20","46",".508",".793","56","56","67","1,453","119","180","1.84","63"
"Jalen Smith","IND","PF,C","642","394","66","60","21",".476",".759","54","72","68","1,279","104","188","0.92","153"
"Grant Williams","BOS","SF,PF","641","362","131","31","41",".454",".771","115","82","79","2,045","94","101","1.60","192"
"Gabe Vincent","MIA","PG,SG","641","146","167","5","62",".402",".872","117","92","68","1,759","68","111","1.82","154"
"AJ Griffin","ATL","SF","639","153","73","12","42",".465",".894","101","42","72","1,401","42","147","1.74","87"
"Shake Milton","PHI","PG,SG","637","191","238","13","25",".479",".853","56","94","76","1,567","99","185","2.53","123"
"Georges Niang","PHI","SF,PF","637","185","77","14","30",".442",".867","154","54","78","1,512","39","68","1.43","145"
"Monte Morris","WAS","PG,SG","636","210","326","13","43",".480",".831","78","60","62","1,696","64","169","5.43","75"
"Bol Bol","ORL","PF,C","634","405","69","85","30",".546",".759","30","112","70","1,505","82","231","0.62","92"
"Andrew Wiggins","GSW","SG,SF","633","186","85","28","45",".473",".611","89","48","37","1,190","44","161","1.77","107"
"Jarred Vanderbilt","LAL","PF,C","619","582","184","21","83",".548",".691","29","97","78","1,880","96","218","1.90","190"
"Draymond Green","GSW","PF,C","617","525","500","60","74",".527",".713","40","204","73","2,299","77","210","2.45","229"
"Al Horford","BOS","PF,C","616","390","189","61","30",".476",".714","145","37","63","1,922","15","83","5.11","121"
"Kyle Lowry","MIA","PG","615","225","281","21","57",".404",".859","107","103","55","1,718","116","89","2.73","143"
"Jeremy Sochan","SAS","PF","614","295","142","23","43",".453",".698","33","97","56","1,458","81","217","1.46","138"
"Jalen Duren","DET","C","612","595","75","59","44",".648",".612","0","92","67","1,670","96","258","0.82","182"
"Cam Thomas","BKN","SG","604","95","78","7","20",".441",".868","51","63","57","948","151","150","1.24","55"
"Damion Lee","PHO","SG,SF","604","225","99","7","30",".443",".904","110","78","74","1,508","94","90","1.27","118"
"Karl-Anthony Towns","MIN","C","602","236","140","17","20",".495",".874","60","86","29","957","118","152","1.63","111"
"Moritz Wagner","ORL","PF,C","600","259","84","13","37",".500",".841","51","68","57","1,109","153","147","1.24","136"
"Torrey Craig","PHO","SG,SF","588","426","117","62","50",".456",".711","100","73","79","1,948","32","128","1.60","179"
"Thomas Bryant","DEN","C","579","339","31","30","16",".623",".738","26","38","59","1,080","93","204","0.82","102"
"Kevon Looney","GSW","PF,C","578","760","207","50","52",".630",".607","0","45","82","1,957","94","242","4.60","225"
"Isaiah Stewart","DET","PF,C","567","403","70","34","20",".442",".738","67","68","50","1,415","110","128","1.03","133"
"Joe Harris","BKN","SG,SF","562","164","101","13","34",".457",".643","142","41","74","1,527","18","59","2.46","140"
"Trey Lyles","SAC","PF,C","562","300","66","31","27",".458",".815","87","64","74","1,247","101","100","1.03","97"
"Reggie Bullock","DAL","SG,SF","561","283","108","13","54",".409",".703","151","36","78","2,364","26","41","3.00","166"
"Seth Curry","BKN","PG,SG","561","100","99","7","36",".463",".927","94","51","61","1,211","51","114","1.94","96"
"Brandon Clarke","MEM","SF,PF,C OUT","558","310","72","37","34",".656",".723","1","55","56","1,090","99","228","1.31","131"
"Dorian Finney-Smith","BKN","SF,PF","551","316","100","36","55",".391",".763","114","62","66","2,009","45","82","1.61","144"
"Jose Alvarado","NOR","PG","550","141","186","10","67",".411",".813","83","81","61","1,311","65","118","2.30","125"
"Luke Kennard","MEM","SG,SF","546","158","91","5","32",".492",".949","133","46","59","1,315","37","55","1.98","82"
"Josh Green","DAL","SG,SF","546","182","103","5","42",".537",".723","68","72","60","1,539","68","137","1.43","156"
"Jordan Nwora","IND","SF","542","229","88","14","24",".436",".791","86","66","62","1,187","68","108","1.33","74"
"Troy Brown Jr.","LAL","SG,SF","541","308","95","16","59",".430",".872","107","49","76","1,860","34","93","1.94","120"
"Devonte' Graham","SAS","PG,SG","539","122","196","16","45",".374",".748","119","53","73","1,338","98","42","3.70","79"
"Nick Richards","CHA","C","532","416","38","71","11",".629",".749","1","59","65","1,217","137","196","0.64","154"
"Josh Okogie","PHO","SG,SF","529","251","105","34","56",".391",".724","66","63","72","1,350","139","96","1.67","114"
"Jalen Suggs","ORL","PG,SG","524","161","155","27","67",".418",".723","66","94","53","1,246","86","120","1.65","120"
"Hamidou Diallo","DET","SG,SF","522","194","55","16","53",".573",".588","5","71","56","996","87","210","0.77","124"
"Terrence Ross","PHO","SG,SF","522","154","95","10","35",".430",".794","95","43","63","1,330","27","105","2.21","97"
"Drew Eubanks","POR","PF,C","518","418","103","102","41",".641",".664","7","67","78","1,584","83","207","1.54","169"
"Tre Mann","OKC","SG,PG","517","155","120","11","40",".393",".764","81","62","67","1,183","42","116","1.94","99"
"Sam Hauser","BOS","PF,SF","512","204","71","21","29",".455",".706","140","30","80","1,290","12","40","2.37","99"
"Kevin Love","MIA","PF,C","509","400","116","12","16",".389",".879","99","70","62","1,240","80","66","1.66","97"
"Precious Achiuwa","TOR","SF,PF,C","508","328","50","30","31",".485",".702","29","59","55","1,140","87","167","0.85","102"
"Dwight Powell","DAL","PF,C","506","315","69","26","48",".732",".667","0","65","76","1,459","112","197","1.06","209"
"Marvin Bagley III","DET","PF,C","504","269","36","30","19",".529",".750","19","46","42","989","81","183","0.78","81"
"Khris Middleton","MIL","SF,PF,SG","497","140","163","5","23",".436",".902","51","71","33","801","92","126","2.30","68"
"Obi Toppin","NYK","SF,PF","497","187","66","12","23",".446",".809","85","38","67","1,050","38","102","1.74","68"
"Kendrick Nunn","WAS","PG,SG","496","109","90","7","28",".424",".854","79","66","70","964","35","112","1.36","66"
"Taurean Prince","MIN","SF,PF","493","132","84","15","28",".467",".844","74","69","54","1,192","65","103","1.22","123"
"Cameron Payne","PHO","PG,SG","493","106","214","8","33",".415",".766","68","81","48","968","49","120","2.64","88"
"Isaac Okoro","CLE","SG,SF","490","187","87","30","56",".494",".757","62","42","76","1,653","78","113","2.07","158"
"Aaron Wiggins","OKC","SG,SF","479","210","80","15","39",".512",".831","48","55","70","1,297","59","138","1.45","110"
"Nicolas Batum","LAC","SF,PF,SG","478","299","121","44","54",".420",".708","124","50","78","1,710","34","36","2.42","149"
"Dennis Smith Jr.","CHA","PG","474","167","261","25","76",".412",".736","24","82","54","1,389","78","162","3.18","122"
"Ochai Agbaji","UTH","G","467","121","67","15","16",".428",".812","81","41","59","1,209","56","84","1.63","99"
"David Roddy","MEM","PF","466","193","59","19","30",".429",".631","65","57","70","1,258","41","115","1.04","107"
"Pat Connaughton","MIL","SG,SF","466","283","77","11","37",".392",".659","109","33","61","1,443","27","56","2.33","69"
"Trendon Watford","POR","SF,PF","459","237","130","12","32",".560",".720","25","71","62","1,182","72","156","1.83","118"
"Jock Landale","PHO","C","456","280","68","30","16",".528",".752","21","59","69","979","79","157","1.15","126"
"Isaiah Jackson","IND","PF","455","282","51","93","31",".563",".651","2","52","63","1,042","95","177","0.98","154"
"James Wiseman","DET","C","450","267","30","27","7",".558",".701","4","51","45","867","68","185","0.59","108"
"Davion Mitchell","SAC","SG,PG","450","105","185","15","44",".454",".807","63","62","80","1,447","25","118","2.98","112"
"Victor Oladipo","MIA","SG,SF","449","128","146","12","57",".397",".747","70","87","42","1,106","59","90","1.68","99"
"Larry Nance Jr.","NOR","PF,C","441","354","119","37","56",".610",".696","14","42","65","1,381","55","172","2.83","133"
"Jeff Green","DEN","SF,PF","437","144","69","17","18",".488",".744","30","46","56","1,093","87","130","1.50","99"
"Mitchell Robinson","NYK","C","435","555","53","109","56",".671",".484","0","41","60","1,589","59","188","1.29","160"
"Terence Davis II","SAC","SG,SF","431","139","67","12","43",".423",".791","89","53","64","841","34","65","1.26","104"
"Xavier Tillman","MEM","PF,C","429","307","96","29","58",".614",".551","4","44","61","1,180","49","184","2.18","97"
"Cory Joseph","DET","PG","427","106","217","9","34",".427",".792","70","56","62","1,227","57","80","3.88","88"
"Kenrich Williams","OKC","SF,PF OUT","425","261","105","14","45",".517",".436","50","32","53","1,206","17","129","3.28","112"
"Jaden Hardy","DAL","G","420","89","65","7","17",".438",".823","63","46","48","708","65","83","1.41","64"
"Kevin Knox II","POR","SF,PF","415","177","33","12","24",".458",".767","65","50","63","952","46","87","0.66","95"
"Patrick Beverley","CHI","PG,SG","415","247","194","41","63",".400",".723","80","60","67","1,817","47","64","3.23","187"
"Anthony Lamb","GSW","SF","415","215","96","20","28",".471",".767","73","54","62","1,193","46","75","1.78","134"
"Jordan Goodwin","PHO","PG","407","205","168","26","58",".448",".768","38","57","62","1,106","53","120","2.95","95"
"Isaiah Hartenstein","NYK","PF,C","406","536","102","64","53",".535",".676","8","66","82","1,628","48","167","1.55","213"
"Andre Drummond","CHI","C","399","444","33","27","45",".606",".536","0","75","67","850","67","166","0.44","117"
"Oshae Brissett","IND","SF,PF","398","218","44","13","33",".386",".717","48","34","65","1,083","104","75","1.29","79"
"Gary Harris","ORL","SG,SF","397","98","59","12","45",".450",".900","94","28","48","1,184","27","44","2.11","93"
"Jalen Johnson","ATL","SF","395","282","83","34","38",".491",".628","30","41","70","1,042","49","128","2.02","113"
"Cam Reddish","POR","SG,SF","387","88","57","14","39",".444",".853","45","47","40","990","64","94","1.21","72"
"Mark Williams","CHA","C","387","304","18","45","28",".638",".691","0","40","43","828","67","160","0.45","94"
"John Wall","FA","PG FA","386","92","178","12","27",".408",".681","33","80","34","755","77","105","2.23","59"
"Mike Muscala","WAS","PF,C","383","203","50","24","15",".449",".769","81","23","63","945","40","50","2.17","98"
"Will Barton","TOR","SG,SF","379","137","112","13","28",".379",".787","66","48","56","993","37","72","2.33","56"
"Edmond Sumner","BKN","PG,SG,SF","378","79","68","10","31",".461",".917","31","50","53","737","99","93","1.36","83"
"Alex Caruso","CHI","PG,SG","374","196","193","46","98",".455",".808","55","77","67","1,566","59","75","2.51","159"
"Josh Christopher","HOU","SG","372","71","73","15","33",".465",".750","21","60","64","786","45","132","1.22","59"
"Wenyen Gabriel","LAL","PF,SF","372","286","36","35","26",".596",".619","10","46","68","1,024","52","145","0.78","144"
"Delon Wright","WAS","PG,SG","369","180","194","17","92",".473",".867","41","44","50","1,221","52","97","4.41","59"
"JaMychal Green","GSW","PF,C","366","205","51","23","25",".540",".776","42","52","57","797","52","94","0.98","105"
"Goran Dragic","MIL","PG,SG","365","81","151","4","13",".421",".689","52","63","58","870","31","89","2.40","65"
"John Konchar","MEM","SG,PG","364","309","100","25","76",".431",".778","60","37","72","1,494","28","78","2.70","112"
"Nickeil Alexander-Walker","MIN","SG,SF,PG","363","101","108","21","32",".444",".667","61","55","59","884","40","70","1.96","88"
"Chris Duarte","IND","SG","362","115","64","9","25",".369",".847","55","41","46","897","61","68","1.56","65"
"Dario Saric","OKC","PF,C","362","207","74","7","20",".459",".829","45","55","57","806","63","82","1.35","99"
"Steven Adams","MEM","C OUT","361","485","97","46","36",".597",".364","0","79","42","1,133","47","157","1.23","98"
"Christian Braun","DEN","SG","360","181","59","17","41",".495",".625","34","35","76","1,179","40","109","1.69","101"
"Nassir Little","POR","SF","359","141","50","20","20",".442",".717","58","36","54","976","33","76","1.39","66"
"Isaiah Livers","DET","SF,PF","346","143","41","28","28",".417",".821","74","30","52","1,198","32","46","1.37","103"
"Landry Shamet","WAS","PG,SG","346","67","93","5","26",".377",".882","75","36","40","807","45","38","2.58","61"
"Simone Fontecchio","UTH","F","328","86","42","8","15",".369",".796","63","39","52","766","35","52","1.08","62"
"Lamar Stevens","CLE","SF,PF","328","208","33","19","26",".448",".702","30","27","62","1,120","40","99","1.22","79"
"Mo Bamba","LAL","C","323","225","46","43","13",".486",".661","48","30","49","768","41","69","1.53","105"
"Yuta Watanabe","BKN","SF,PF","322","141","48","17","25",".491",".723","60","22","58","928","34","54","2.18","80"
"Chimezie Metu","SAC","PF,C","321","198","40","21","22",".589",".740","9","32","66","689","54","120","1.25","81"
"Montrezl Harrell","PHI","PF,C","320","159","33","25","17",".598",".693","0","35","57","681","70","125","0.94","75"
"Derrick Jones Jr.","CHI","SG,SF","319","153","34","37","29",".500",".738","27","25","64","894","62","88","1.36","86"
"Joe Ingles","MIL","SG,SF,PF IR","317","128","150","6","33",".436",".857","83","55","46","1,044","18","25","2.73","74"
"T.J. Warren","PHO","SF,PF","314","121","40","12","22",".489",".800","22","20","42","687","28","110","2.00","65"
"Ty Jerome","GSW","PG,SG","309","78","135","5","23",".488",".927","35","30","45","816","38","83","4.50","64"
"Moses Moody","GSW","SF,SG","302","105","51","7","18",".476",".698","49","34","63","817","37","59","1.50","54"
"R.J. Hampton Jr.","DET","PG,SG","302","87","54","9","27",".430",".750","41","42","47","750","57","61","1.29","50"
"Vlatko Cancar","DEN","SF,PF","297","128","80","14","22",".476",".927","43","37","60","889","38","65","2.16","84"
"Romeo Langford","SAS","SG","297","114","50","13","24",".467",".696","16","30","43","844","39","105","1.67","67"
"Theo Maledon","CHA","PG","295","123","152","12","37",".402",".851","28","59","44","854","63","74","2.58","61"
"Rudy Gay","UTH","SF,PF","293","163","57","18","19",".380",".857","33","37","56","816","42","76","1.54","69"
"Matisse Thybulle","POR","SG,SF","293","140","53","32","83",".435",".679","54","24","71","1,200","19","56","2.21","113"
"Jeremiah Robinson-Earl","OKC","SF,PF","292","180","43","11","24",".444",".833","37","19","43","814","35","73","2.26","71"
"Ben Simmons","BKN","PG OUT","291","263","255","23","54",".566",".439","0","97","42","1,105","25","133","2.63","139"
"Kris Dunn","UTH","PG,SG","290","100","124","10","25",".537",".774","17","35","22","568","41","99","3.54","58"
"Jaylin Williams","OKC","C","288","241","76","12","28",".436",".704","46","37","49","914","38","56","2.05","111"
"Robert Covington","LAC","PF,C,SF","288","166","57","33","38",".445",".750","54","32","48","779","30","48","1.78","86"
"Paul Reed","PHI","SF,PF","287","262","27","51","46",".593",".745","1","45","69","755","38","123","0.60","123"
"Jae'Sean Tate","HOU","SF,PF","283","118","84","7","21",".480",".725","13","47","31","678","50","97","1.79","106"
"Robert Williams III","BOS","C,PF","279","292","50","48","22",".747",".610","0","34","35","824","25","127","1.47","68"
"Eugene Omoruyi","DET","SG","278","111","28","3","28",".443",".680","25","34","40","645","51","76","0.82","91"
"Zeke Nnaji","DEN","PF,C","277","138","18","23","17",".561",".645","17","31","52","726","40","93","0.58","105"
"Aleksej Pokusevski","OKC","SF,PF","276","159","64","43","20",".434",".629","38","43","34","701","22","70","1.49","58"
"Payton Pritchard","BOS","PG","270","88","64","1","14",".412",".750","56","40","48","643","12","45","1.60","37"
"Danuel House Jr.","PHI","SF,PF,SG","268","94","44","9","14",".472",".750","37","26","56","807","45","56","1.69","69"
"Duncan Robinson","MIA","SG,SF","268","69","46","0","14",".371",".906","63","28","42","691","29","25","1.64","77"
"MarJon Beauchamp","MIL","F","266","115","35","7","21",".395",".730","47","45","52","701","27","49","0.78","71"
"P.J. Tucker","PHI","PF,C,SF","266","295","60","15","39",".427",".826","55","44","75","1,920","19","41","1.36","180"
"Bismack Biyombo","PHO","C","263","260","56","88","18",".578",".357","0","51","61","873","25","119","1.10","114"
"Sandro Mamukelashvili","SAS","PF,C","263","185","62","12","14",".422",".684","30","35","43","660","39","67","1.77","52"
"JT Thor","CHA","PF","262","152","36","23","22",".399",".702","39","44","69","969","33","56","0.82","66"
"Willy Hernangomez","NOR","C","262","180","33","13","17",".527",".779","3","39","37","458","81","86","0.85","64"
"Luke Kornet","BOS","C","261","197","53","46","11",".665",".821","3","25","69","803","32","110","2.12","81"
"Garrison Mathews","ATL","SG,SF","257","73","26","5","24",".363",".906","63","19","54","685","48","10","1.37","62"
"Austin Rivers","MIN","PG,SG","255","83","75","4","28",".435",".769","43","23","52","1,016","30","48","3.26","80"
"Ish Wainright","PHO","SG","251","139","53","22","38",".370",".839","57","22","60","915","26","27","2.41","117"
"Aaron Holiday","ATL","PG,SG","247","74","89","12","37",".418",".844","36","36","63","845","27","56","2.47","79"
"Bryce McGowens","CHA","SG","246","93","54","6","15",".396",".750","26","43","46","787","60","54","1.26","48"
"Patty Mills","BKN","PG","246","44","56","3","15",".412",".833","49","30","40","566","25","37","1.87","32"
"Malachi Flynn","TOR","PG","246","76","70","4","21",".360",".758","47","25","53","691","25","40","2.80","65"
"Duane Washington Jr.","NYK","PG","244","36","63","4","6",".367",".667","40","34","31","394","16","54","1.85","23"
"Thaddeus Young","TOR","PF,C,SF","240","166","75","5","54",".546",".692","6","42","54","795","18","102","1.79","88"
"Cade Cunningham","DET","PG,SG OUT","239","74","72","7","10",".415",".837","17","39","12","400","36","76","1.85","34"
"Haywood Highsmith","MIA","SG,SF","236","188","43","17","36",".431",".464","37","45","54","969","13","56","0.96","82"
"Jaxson Hayes","NOR","C","233","132","34","19","20",".551",".699","3","31","47","610","58","83","1.10","67"
"George Hill","IND","PG,SG","232","85","110","6","26",".470",".764","34","34","46","834","42","44","3.24","55"
"Dyson Daniels","NOR","G","227","188","134","11","43",".418",".650","27","57","59","1,042","26","60","2.35","99"
"Day'Ron Sharpe","BKN","PF,C","227","200","37","32","15",".544",".636","6","42","48","552","35","87","0.88","89"
"Daishen Nix","HOU","SG,PG","226","98","132","7","31",".342",".667","40","86","57","914","24","41","1.53","59"
"Usman Garuba","HOU","PF","225","307","64","29","44",".486",".617","24","47","75","969","29","62","1.36","135"
"Darius Bazley","PHO","SF,PF","224","138","38","34","22",".454",".543","20","27","43","616","38","63","1.41","44"
"Svi Mykhailiuk","CHA","SF,SG","222","53","53","4","15",".445",".667","42","24","32","468","26","35","2.21","23"
"Miles McBride","NYK","PG","222","50","72","8","37",".358",".667","40","25","64","760","28","37","2.88","60"
"Maxi Kleber","DAL","PF,C","220","135","52","30","12",".456",".711","39","27","37","930","27","38","1.93","85"
"Jabari Walker","POR","PF","216","131","34","13","10",".419",".756","16","29","56","619","34","67","1.17","69"
"Lindy Waters III","OKC","G","214","75","28","11","14",".393",".800","58","10","41","530","16","12","2.80","42"
"Ziaire Williams","MEM","SF,SG","210","79","35","6","14",".429",".773","25","37","37","561","17","59","0.95","58"
"Davis Bertans","OKC","PF,C","206","53","21","8","11",".431",".867","55","10","45","492","13","14","2.10","53"
"Dean Wade","CLE","PF,C","206","150","37","21","28",".412",".652","45","17","44","891","15","28","2.18","89"
"Justin Holiday","DAL","SG,SF","205","55","41","19","19",".378",".625","46","22","46","706","5","31","1.86","68"
"DeAndre Jordan","DEN","C","199","202","34","23","12",".765",".458","1","48","39","586","22","87","0.71","71"
"Dewayne Dedmon","PHI","C","199","134","26","19","9",".510",".674","12","25","38","426","33","65","1.04","75"
"Charles Bassey","SAS","C","199","193","48","33","16",".644",".595","3","41","35","508","22","84","1.17","74"
"Justise Winslow","POR","PF,PG,SF","196","145","98","11","30",".409",".714","14","43","29","776","20","67","2.28","89"
"Anthony Gill","WAS","SF,PF","195","99","34","12","7",".538",".731","4","15","59","624","49","67","2.27","70"
"Ousmane Dieng","OKC","F","193","105","46","7","14",".420",".652","26","26","39","569","15","50","1.77","42"
"Caleb Houstan","ORL","G","193","99","30","7","12",".361",".833","46","18","51","812","15","20","1.67","63"
"James Bouknight","CHA","SG","191","72","41","5","14",".358",".667","33","32","34","515","20","36","1.28","49"
"Keon Johnson","POR","SF,SG","189","44","59","6","19",".376",".659","28","43","40","416","27","39","1.37","43"
"JaVale McGee","DAL","C","186","107","11","26","4",".640",".585","2","36","42","355","24","78","0.31","54"
"Blake Wesley","SAS","SG","184","82","98","5","25",".321",".591","20","65","37","669","26","49","1.51","67"
"Rodney McGruder","DET","SG,SF","183","74","28","1","16",".408",".818","41","11","33","524","18","21","2.55","39"
"Christian Koloko","TOR","PF","182","171","31","57","21",".480",".627","1","20","58","802","37","71","1.55","128"
"Luka Garza","MIN","C TWO-WAY","181","63","18","2","3",".543",".789","14","14","28","243","41","49","1.29","43"
"Wesley Matthews","MIL","SG,SF","179","113","34","13","20",".363",".857","39","18","52","819","24","19","1.89","71"
"Jericho Sims","NYK","C,PF OUT","178","242","25","28","15",".776",".750","0","27","52","812","12","83","0.93","96"
"Stanley Johnson","FA","PF,SF FA","174","95","67","6","16",".533",".667","18","33","30","469","26","47","2.03","48"
"Isaiah Roby","NYK","C,PF","172","107","38","7","18",".432",".488","18","31","42","474","20","49","1.23","53"
"Amir Coffey","LAC","SF,SG","172","53","53","5","7",".386",".778","11","21","50","625","49","45","2.52","50"
"Ricky Rubio","CLE","PG","171","70","115","6","26",".343",".800","21","31","33","566","28","40","3.71","51"
"Blake Griffin","BOS","PF,C","170","155","61","9","14",".485",".656","23","22","41","570","21","40","2.77","75"
"Taj Gibson","WAS","PF,C","168","93","34","12","15",".520",".714","8","26","49","480","30","57","1.31","84"
"Goga Bitadze","ORL","C","167","137","39","26","16",".552",".548","6","22","38","457","23","63","1.77","64"
"Julian Champagnie","SAS","SF","165","60","10","5","6",".454",".824","33","11","17","318","14","26","0.91","26"
"Evan Fournier","NYK","SG,SF","165","49","36","3","16",".337",".857","35","22","27","459","18","21","1.64","46"
"Javonte Green","CHI","PG,SG","165","88","23","21","24",".565",".667","13","20","32","480","30","48","1.15","52"
"Johnny Davis","WAS","SG","163","63","28","8","10",".386",".519","17","16","28","423","14","49","1.75","48"
"Jordan McLaughlin","MIN","PG","161","62","148","4","32",".421",".833","24","33","43","678","15","37","4.48","28"
"Kai Jones","CHA","C,PF","157","123","15","30","17",".558",".731","4","31","46","550","19","63","0.48","65"
"Raul Neto","CLE","PG,SG","157","46","79","4","17",".518",".912","12","24","48","505","31","45","3.29","49"
"Moses Brown","FA","C FA","155","139","4","14","4",".635",".458","0","15","36","294","33","61","0.27","39"
"Admiral Schofield","ORL","SF,PF","155","62","31","5","8",".451",".913","24","16","37","451","21","31","1.94","61"
"Juan Toscano-Anderson","UTH","SF,PF","155","124","65","10","16",".448",".792","8","34","52","700","19","56","1.91","80"
"A.J. Green","MIL","G","154","45","22","0","5",".424","1.000","44","9","35","345","4","9","2.44","31"
"Bruno Fernando","ATL","C","153","137","31","34","6",".527",".700","0","25","39","405","35","59","1.24","74"
"Derrick Rose","NYK","PG,SG","152","40","46","5","7",".384",".917","19","22","27","338","11","42","2.09","18"
"Saben Lee","PHO","PG","151","45","67","1","19",".405",".737","11","24","25","374","42","38","2.79","32"
"TyTy Washington Jr.","HOU","PG","145","45","47","2","15",".363",".556","19","14","31","433","10","39","3.36","29"
"Brandon Boston Jr.","LAC","SG","143","30","20","0","9",".418",".763","12","12","22","248","29","39","1.67","21"
"Damian Jones","UTH","C","142","122","15","21","8",".640",".759","10","23","41","477","22","45","0.65","55"
"Dalano Banton","TOR","SF,PG","142","45","36","13","13",".420",".708","15","18","31","279","17","40","2.00","34"
"Kevon Harris","ORL","G","141","70","16","5","17",".439",".756","16","21","34","457","31","31","0.76","53"
"Furkan Korkmaz","PHI","SG,SF","140","42","22","3","10",".432",".722","18","24","37","353","26","30","0.92","18"
"Nathan Knight","MIN","PF,C","139","56","13","6","10",".568",".684","8","21","38","291","39","38","0.62","41"
"Frank Ntilikina","DAL","PG,SG","135","62","58","7","16",".364",".667","17","29","47","607","22","31","2.00","65"
"Markieff Morris","DAL","PF,C","132","71","31","5","9",".409","1.000","28","18","35","355","10","19","1.72","48"
"Richaun Holmes","DAL","PF,C","130","80","9","11","3",".618",".790","5","14","42","348","15","50","0.64","50"
"Chuma Okeke","ORL","PF","128","96","37","11","19",".353",".762","26","17","27","518","16","17","2.18","40"
"Max Christie","LAL","SG","128","75","21","7","9",".415",".875","26","13","41","512","14","18","1.62","33"
"Udoka Azubuike","UTH","C","125","119","11","15","6",".819",".350","0","18","36","359","7","59","0.61","34"
"Jae Crowder","MIL","SF,PF","124","69","27","6","12",".479",".833","24","7","18","340","10","21","3.86","27"
"Juancho Hernangomez","FA","PF,C,SF FA","122","123","25","6","16",".421",".563","17","15","42","614","9","31","1.67","43"
"Patrick Baldwin Jr.","WAS","G","122","40","11","4","6",".395",".667","32","11","31","226","4","11","1.00","14"
"Matt Ryan","MIN","F TWO-WAY","122","26","16","1","5",".370",".833","32","7","34","310","10","8","2.29","27"
"Gorgui Dieng","SAS","PF,C","121","107","53","14","4",".385",".769","21","32","31","358","10","24","1.66","57"
"Kenneth Lofton Jr.","MEM","F","120","51","20","2","5",".527",".593","6","12","24","176","16","43","1.67","28"
"Orlando Robinson","MIA","C","116","126","25","12","12",".528",".710","0","16","31","425","22","47","1.56","53"
"McKinley Wright IV","DAL","PG","114","47","58","5","8",".469",".684","9","19","27","335","13","37","3.05","24"
"Kira Lewis Jr.","NOR","PG,SG","114","33","23","2","10",".455",".864","15","10","25","235","19","25","2.30","24"
"Robin Lopez","CLE","C","112","51","19","8","2",".640",".778","2","25","37","299","14","46","0.76","43"
"Dominick Barlow","SAS","PF","110","102","24","19","10",".535",".720","0","15","28","408","18","46","1.60","56"
"Ish Smith","DEN","PG","108","54","100","7","8",".397",".500","2","44","43","398","2","50","2.27","33"
"Jake LaRavia","MEM","PF","105","63","21","4","12",".390",".778","24","18","35","414","7","13","1.17","49"
"Boban Marjanovic","HOU","C","102","60","9","2","5",".683",".741","0","14","31","171","20","41","0.64","10"
"Gary Payton II","GSW","PG,SG","101","69","30","5","21",".594",".857","13","16","22","369","6","28","1.88","43"
"Kessler Edwards","SAC","SF","100","61","23","6","14",".387",".733","17","13","35","386","11","19","1.77","40"
"Cody Zeller","MIA","C","98","64","10","4","3",".627",".686","0","14","15","217","24","37","0.71","33"
"Jamal Cain","MIA","F","98","52","12","1","11",".561",".773","7","6","18","240","17","30","2.00","21"
"Theo Pinson","DAL","SF,SG","95","62","46","1","6",".356",".846","22","12","40","323","11","9","3.83","34"
"Skylar Mays","POR","PG,SG","92","19","50","1","6",".500",".923","12","10","6","189","12","22","5.00","11"
"Frank Kaminsky III","HOU","C,PF","89","52","32","4","6",".492",".875","13","9","37","235","14","18","3.56","22"
"Bryn Forbes","FA","PG,SG FA","89","15","17","2","7",".361","1.000","14","12","25","267","15","16","1.42","22"
"Terry Taylor","CHI","SG","89","47","10","6","3",".520",".546","5","9","31","263","6","34","1.11","26"
"Davon Reed","FA","SG FA","89","59","23","4","15",".333",".667","17","20","43","342","16","11","1.15","39"
"Johnny Juzang","UTH","G","87","39","8","3","4",".337",".500","15","3","18","232","2","20","2.67","13"
"David Duke Jr.","BKN","G","85","29","21","1","10",".462",".706","1","18","23","228","12","35","1.17","31"
"Dalen Terry","CHI","PG","85","37","22","5","11",".444",".667","7","8","38","214","14","25","2.75","24"
"Nikola Jovic","MIA","SF","82","31","10","2","7",".406",".947","8","10","15","204","18","20","1.00","19"
"Kennedy Chandler","FA","PG FA","78","38","58","5","12",".422",".462","2","18","36","281","6","33","3.22","15"
"Peyton Watson","DEN","SF","75","37","11","11","2",".492",".550","6","8","23","187","11","23","1.38","14"
"Kemba Walker","FA","PG FA","72","16","19","2","2",".421",".810","7","4","9","144","17","17","4.75","11"
"Luka Samanic","FA","PF FA","69","30","15","2","6",".456",".692","8","10","7","161","9","18","1.50","17"
"Serge Ibaka","FA","PF,C FA","66","44","4","7","2",".482",".615","6","11","16","185","8","20","0.36","23"
"Jeff Dowtin Jr.","TOR","PG","61","23","31","3","9",".439",".667","5","5","25","259","6","20","6.20","13"
"Danny Green","CLE","SG,SF","61","14","6","3","6",".449","1.000","16","10","11","139","1","6","0.60","16"
"Moussa Diabate","LAC","PF","59","50","4","8","7",".511",".625","1","9","22","195","10","23","0.44","15"
"Mamadi Diakite","CLE","SF,C,PF","57","30","8","9","4",".480","1.000","7","12","22","176","2","17","0.67","26"
"Quenton Jackson","WAS","G","56","8","15","1","4",".452",".773","1","4","9","135","17","18","3.75","10"
"A.J. Lawson","DAL","SG","56","21","2","0","2",".500",".250","10","3","15","108","2","12","0.67","11"
"Jonathan Isaac","ORL","SF,PF OUT","55","44","6","4","14",".415",".556","6","4","11","124","5","16","1.50","5"
"Jeenathan Williams","POR","G","53","15","10","2","3",".615",".667","3","4","5","127","2","21","2.50","13"
"Trent Forrest","ATL","SG","52","37","38","2","7",".417",".667","0","15","23","277","2","25","2.53","17"
"Jay Huff","WAS","C","51","21","10","4","3",".600",".938","6","5","7","95","15","9","2.00","15"
"Thanasis Antetokounmpo","MIL","SF,PF","51","44","15","3","3",".435",".500","0","12","37","206","11","20","1.25","22"
"James Johnson","IND","PF,C,SF","51","30","15","6","7",".449",".500","3","8","18","162","4","19","1.88","32"
"Lindell Wigginton","MIL","PG","50","7","14","2","0",".487",".889","6","12","7","87","8","12","1.17","7"
"Garrett Temple","NOR","PG,SG,SF","50","17","13","2","9",".400",".750","11","4","25","162","3","7","3.25","15"
"Daniel Theis","IND","PF,C","49","22","9","6","2",".477",".417","2","3","7","109","5","19","3.00","7"
"Matthew Dellavedova","SAC","PG,SG","47","13","41","0","7",".340",".571","9","10","32","213","4","8","4.10","20"
"KZ Okpala","FA","SF FA","46","34","13","7","7",".421",".875","7","7","35","248","7","9","1.86","39"
"Josh Minott","MIN","PF","46","25","5","6","4",".500","1.000","2","3","15","96","8","16","1.67","10"
"John Butler Jr.","POR","F","45","17","11","9","7",".321",".750","8","1","19","221","3","9","11.00","22"
"Jared Rhoden","DET","G","45","37","4","1","4",".386","1.000","5","3","14","198","6","12","1.33","23"
"Jarrett Culver","FA","PG,SG,SF FA","44","38","6","2","6",".395",".692","1","7","10","137","9","16","0.86","14"
"Dru Smith","BKN","G G-League","44","24","22","4","10",".400","1.000","5","3","15","158","3","13","7.33","23"
"Otto Porter Jr.","TOR","SF,PF OUT","44","19","8","0","11",".500","1.000","6","4","8","146","8","9","2.00","7"
"Shaquille Harrison","LAL","SG,SF,PG","44","22","30","2","11",".417",".733","3","6","5","120","11","12","5.00","12"
"Meyers Leonard","MIL","PF,C","43","34","1","0","2",".483",".889","7","6","9","114","8","7","0.17","16"
"Alex Len","SAC","PF,C","43","60","12","11","4",".533",".688","0","16","26","161","11","16","0.75","28"
"Khem Birch","SAS","PF,C","43","25","7","5","5",".594",".800","1","8","20","162","4","18","0.88","24"
"Jaden Springer","PHI","SG,PG","42","14","8","3","7",".486",".750","2","3","16","89","6","15","2.67","15"
"Wendell Moore Jr.","MIN","F","42","18","18","5","8",".419",".800","2","8","29","153","4","16","2.25","13"
"Jason Preston","LAC","PG","41","22","27","0","2",".439",".000","5","10","14","124","0","13","2.70","7"
"Omer Yurtseven","MIA","C","40","23","2","2","2",".593",".833","3","4","9","83","5","13","0.50","16"
"Xavier Cooks","WAS","F","38","38","6","4","6",".607",".400","0","8","10","126","4","17","0.75","13"
"Jared Butler","OKC","SG","37","4","8","0","5",".469",".000","7","5","6","77","0","8","1.60","5"
"Olivier Sarr","OKC","C","36","31","4","5","1",".500",".714","1","4","9","114","5","14","1.00","17"
"Vit Krejci","ATL","PG","36","27","17","1","5",".405",".500","5","5","29","165","1","10","3.40","17"
"Nerlens Noel","FA","PF,C FA","35","46","10","10","16",".361",".667","1","13","17","195","8","12","0.77","32"
"Cody Martin","CHA","SG,SF","35","24","11","1","4",".389",".571","3","2","7","134","4","11","5.50","13"
"Isaiah Mobley","CLE","F","31","20","3","3","4",".429","1.000","3","1","13","84","4","9","3.00","8"
"Vince Williams Jr.","MEM","F","30","15","4","2","6",".300","1.000","4","5","15","105","2","8","0.80","12"
"Greg Brown III","FA","PF FA","28","19","3","5","4",".393",".417","1","6","16","93","5","10","0.50","13"
"Joshua Primo","FA","SG FA","28","13","18","2","1",".346",".778","3","11","4","93","7","6","1.64","8"
"Jordan Hall","FA","SF FA","28","12","11","0","1",".321",".778","3","7","9","83","7","6","1.57","6"
"Udonis Haslem","MIA","PF,C","27","11","0","2","1",".345",".800","3","1","7","70","4","7","0.00","11"
"Ryan Arcidiacono","NYK","PG FA","26","15","23","0","5",".243",".000","8","7","20","172","0","1","3.29","17"
"Sam Merrill","CLE","SG,PG","25","9","5","0","4",".409","1.000","5","0","5","59","2","4","0.00","3"
"Mac McClung","PHI","PG","25","10","9","0","0",".450",".600","4","3","2","41","3","5","3.00","3"
"Noah Vonleh","FA","PF,C FA","25","48","7","8","2",".458","1.000","1","11","23","171","2","10","0.64","35"
"Keon Ellis","SAC","SG","24","8","6","1","5",".438",".571","6","1","16","71","4","1","6.00","10"
"Micah Potter","UTH","F","24","16","4","0","1",".667",".000","4","2","7","52","0","6","2.00","5"
"Gabe York","IND","G","24","6","5","0","2",".381","1.000","6","0","3","56","2","2","0.00","5"
"Ryan Rollins","WAS","SG OUT","23","12","6","1","1",".350","1.000","3","16","12","62","6","4","0.38","10"
"PJ Dozier","SAC","PG,SG,SF","22","14","10","1","6",".303",".000","2","5","16","79","0","8","2.00","7"
"Jarrell Brantley","FA","PF FA","22","6","3","2","0",".571","1.000","4","2","4","39","2","4","1.50","3"
"Tyrese Martin","ATL","G","21","12","2","0","1",".391","1.000","1","2","16","66","2","8","1.00","2"
"Jack White","DEN","F","21","17","4","2","3",".421",".667","3","2","17","66","2","5","2.00","9"
"Trevelin Queen","FA","G FA","21","17","6","5","2",".241","1.000","2","7","7","70","5","5","0.86","4"
"Ron Harper Jr.","TOR","F","20","7","4","1","0",".500","1.000","3","0","9","48","1","5","0.00","3"
"Louis King","PHI","PF,SF","20","4","2","0","1",".615",".000","4","2","1","29","0","4","1.00","4"
"Carlik Jones","CHI","PG","20","5","6","0","2",".400",".625","3","2","7","56","5","3","3.00","2"
"Justin Jackson","FA","SF,PF FA","20","17","9","4","4",".259",".500","5","2","23","107","1","2","4.50","7"
"JD Davison","BOS","PG","19","9","11","2","2",".421",".500","2","4","12","66","1","6","2.75","5"
"Tony Bradley","FA","C FA","19","11","1","1","1",".500","1.000","3","1","12","33","4","3","1.00","2"
"Justin Minaya","POR","F","17","15","4","5","2",".304",".000","3","4","4","89","0","4","1.00","9"
"Michael Carter-Williams","ORL","PG,SG","17","5","7","1","1",".429",".571","1","4","4","44","4","5","1.75","5"
"Xavier Sneed","FA","SG FA","17","5","5","1","0",".500","1.000","3","3","4","48","4","2","1.67","7"
"Andre Iguodala","GSW","SG,SF,PF","17","17","19","3","4",".467",".667","1","9","8","113","2","6","2.11","11"
"RaiQuan Gray","BKN","PF","16","9","7","1","0",".500","1.000","2","4","1","35","2","4","1.75","5"
"Buddy Boeheim","DET","G","16","6","4","0","2",".185","1.000","4","0","10","90","2","1","0.00","6"
"Darius Days","HOU","F","15","6","1","1","0",".417","1.000","3","0","4","25","2","2","0.00","2"
"Jamaree Bouyea","FA","PG FA","15","6","4","2","4",".429",".500","2","4","5","71","1","4","1.00","6"
"Scotty Pippen Jr.","LAL","G","14","4","2","1","2",".333",".556","1","2","6","32","5","3","1.00","3"
"Jay Scrubb","FA","SG,SF FA","13","6","1","0","2",".714",".500","2","3","2","30","1","3","0.33","2"
"Neemias Queta","SAC","C","12","11","1","2","0",".667",".000","0","1","5","29","0","6","1.00","7"
"Justin Champagnie","BOS","SF","11","8","4","0","1",".333",".000","1","0","5","34","0","4","0.00","2"
"Facundo Campazzo","FA","PG FA","10","2","9","0","6",".231",".500","3","3","8","52","1","0","3.00","3"
"Lester Quinones","GSW","G","10","3","2","0","1",".400",".667","2","5","4","18","4","0","0.40","0"
"Tyler Dorsey","FA","PG,SG FA","9","2","0","0","0",".800",".000","1","0","3","8","0","3","0.00","0"
"Cole Swider","LAL","F","9","7","4","0","0",".333",".000","3","0","7","41","0","0","0.00","3"
"Joe Wieskamp","TOR","SG,SF","9","4","3","0","0",".214",".000","3","1","9","50","0","0","3.00","3"
"Kendall Brown","IND","SF","9","6","3","0","4",".571",".500","0","2","6","40","1","4","1.50","9"
"Isaiah Todd","PHO","PF","9","12","4","0","1",".167","1.000","1","2","6","61","2","2","2.00","4"
"Trevor Hudgins","HOU","G","9","0","3","0","0",".222","1.000","2","1","5","28","3","0","3.00","1"
"Alize Johnson","FA","SF,PF FA","7","10","1","0","1",".500",".500","0","4","4","30","1","3","0.25","3"
"Chance Comanche","POR","C","7","3","0","1","0",".600",".250","0","0","1","21","1","3","0.00","0"
"Xavier Moon","LAC","G","7","3","5","0","0",".333",".000","1","1","4","20","0","2","5.00","2"
"Marko Simonovic","CHI","C,PF","6","2","0","0","0",".286",".500","1","0","7","20","1","1","0.00","5"
"Mfiondu Kabengele","BOS","C,PF","6","10","0","0","2",".286","1.000","0","1","4","36","2","2","0.00","3"
"Vernon Carey Jr.","UTH","C","6","11","3","2","2",".250","1.000","0","2","11","28","2","2","1.50","5"
"Leandro Bolmaro","FA","SF FA","6","7","7","1","3",".150",".000","0","7","14","68","0","3","1.00","10"
"Malcolm Hill","FA","F FA","5","3","0","0","0",".500",".000","1","0","5","9","0","1","0.00","1"
"Dylan Windler","CLE","SF,SG","5","0","1","0","1",".667",".000","1","1","3","10","0","1","1.00","0"
"Kobi Simmons","CHA","SG,PG","5","4","5","2","0",".167","1.000","1","1","5","28","2","0","5.00","0"
"Braxton Key","FA","F FA","4","1","0","0","0","1.000","1.000","0","0","3","9","2","1","0.00","0"
"Donovan Williams","ATL","G","4","2","0","0","0",".400",".000","0","0","2","4","0","2","0.00","0"
"Dereon Seabron","NOR","SF","4","1","0","0","0",".400",".000","0","0","5","12","0","2","0.00","1"
"Jordan Schakel","FA","F FA","3","0","1","0","1",".500",".000","1","0","2","6","0","0","0.00","1"
"Devon Dotson","FA","PG,SG FA","3","10","8","0","5",".111",".000","1","3","6","53","0","0","2.67","9"
"Trevor Keels","NYK","SF TWO-WAY","3","2","0","0","0",".250",".000","1","0","3","8","0","0","0.00","0"
"Jacob Gilyard","MEM","G","3","4","7","0","3",".333",".000","1","2","1","41","0","0","3.50","3"
"Stanley Umude","FA","G FA","2","0","0","1","1",".000","1.000","0","0","1","2","2","0","0.00","0"
"Chima Moneke","FA","F FA","2","2","1","0","0",".500",".000","0","2","2","8","0","1","0.50","2"
"Chris Silva","FA","PF,C FA","2","0","0","0","0","1.000",".000","0","1","1","3","0","1","0.00","2"
"(FA - )","1","0","0","0","0",".000",".500","0","0","1","5","1","0","0.00","0"
"(FA - )","1","0","0","0","0",".000",".500","0","0","1","5","1","0","0.00","0"
"(FA - )","1","0","0","0","0",".000",".500","0","0","1","5","1","0","0.00","0"
"(FA - )","1","0","0","0","0",".000",".500","0","0","1","5","1","0","0.00","0"
"(FA - )","1","0","0","0","0",".000",".500","0","0","1","5","1","0","0.00","0"
"(FA - )","1","0","0","0","0",".000",".500","0","0","1","5","1","0","0.00","0"
"(FA - )","1","0","0","0","0",".000",".500","0","0","1","5","1","0","0.00","0"
"(FA - )","1","0","0","0","0",".000",".500","0","0","1","5","1","0","0.00","0"
"(FA - )","1","0","0","0","0",".000",".500","0","0","1","5","1","0","0.00","0"
"(FA - )","1","0","0","0","0",".000",".500","0","0","1","5","1","0","0.00","0"
"(FA - )","1","0","0","0","0",".000",".500","0","0","1","5","1","0","0.00","0"
"(FA - )","1","0","0","0","0",".000",".500","0","0","1","5","1","0","0.00","0"
"(FA - )","1","0","0","0","0",".000",".500","0","0","1","5","1","0","0.00","0"
"(FA - )","1","0","0","0","0",".000",".500","0","0","1","5","1","0","0.00","0"
"Deonte Burton","FA","PG FA","0","0","0","0","0",".000",".000","0","0","2","6","0","0","0.00","0"
"(FA - )","0","0","0","0","0",".000",".000","0","0","0","0","0","0","0.00","0"
"(FA - )","0","0","0","0","0",".000",".000","0","0","0","0","0","0","0.00","0"
"(FA - )","0","0","0","0","0",".000",".000","0","0","0","0","0","0","0.00","0"
"(FA - )","0","0","0","0","0",".000",".000","0","0","0","0","0","0","0.00","0"
"(FA - )","0","0","0","0","0",".000",".000","0","0","0","0","0","0","0.00","0"
"(FA - )","0","0","0","0","0",".000",".000","0","0","0","0","0","0","0.00","0"
"(FA - )","0","0","0","0","0",".000",".000","0","0","0","0","0","0","0.00","0"
"(FA - )","0","0","0","0","0",".000",".000","0","0","0","0","0","0","0.00","0"
"(FA - )","0","0","0","0","0",".000",".000","0","0","0","0","0","0","0.00","0"
"(FA - )","0","0","0","0","0",".000",".000","0","0","0","0","0","0","0.00","0"
"(FA - )","0","0","0","0","0",".000",".000","0","0","0","0","0","0","0.00","0"
"(FA - )","0","0","0","0","0",".000",".000","0","0","0","0","0","0","0.00","0"
"(FA - )","0","0","0","0","0",".000",".000","0","0","0","0","0","0","0.00","0"
"(FA - )","0","0","0","0","0",".000",".000","0","0","0","0","0","0","0.00","0"
"(FA - )","0","0","0","0","0",".000",".000","0","0","0","0","0","0","0.00","0"
"(FA - )","0","0","0","0","0",".000",".000","0","0","0","0","0","0","0.00","0"
"(FA - )","0","0","0","0","0",".000",".000","0","0","0","0","0","0","0.00","0"
"(FA - )","0","0","0","0","0",".000",".000","0","0","0","0","0","0","0.00","0"
"(FA - )","0","0","0","0","0",".000",".000","0","0","0","0","0","0","0.00","0"
"(FA - )","0","0","0","0","0",".000",".000","0","0","0","0","0","0","0.00","0"
"(FA - )","0","0","0","0","0",".000",".000","0","0","0","0","0","0","0.00","0"
"(FA - )","0","0","0","0","0",".000",".000","0","0","0","0","0","0","0.00","0"
"(FA - )","0","0","0","0","0",".000",".000","0","0","0","0","0","0","0.00","0"
"(FA - )","0","0","0","0","0",".000",".000","0","0","0","0","0","0","0.00","0"
"(FA - )","0","0","0","0","0",".000",".000","0","0","0","0","0","0","0.00","0"
"(FA - )","0","0","0","0","0",".000",".000","0","0","0","0","0","0","0.00","0"
"(FA - )","0","0","0","0","0",".000",".000","0","0","0","0","0","0","0.00","0"
"(FA - )","0","0","0","0","0",".000",".000","0","0","0","0","0","0","0.00","0"
"(FA - )","0","0","0","0","0",".000",".000","0","0","0","0","0","0","0.00","0"
"Willie Cauley-Stein","HOU","PF,C","0","0","0","0","0",".000",".000","0","0","0","0","0","0","0.00","0"
"(FA - )","0","0","0","0","0",".000",".000","0","0","0","0","0","0","0.00","0"
"(FA - )","0","0","0","0","0",".000",".000","0","0","0","0","0","0","0.00","0"
"(FA - )","0","0","0","0","0",".000",".000","0","0","0","0","0","0","0.00","0"
"(FA - )","0","0","0","0","0",".000",".000","0","0","0","0","0","0","0.00","0"
"(FA - )","0","0","0","0","0",".000",".000","0","0","0","0","0","0","0.00","0"
"(FA - )","0","0","0","0","0",".000",".000","0","0","0","0","0","0","0.00","0"
"(FA - )","0","0","0","0","0",".000",".000","0","0","0","0","0","0","0.00","0"
"(FA - )","0","0","0","0","0",".000",".000","0","0","0","0","0","0","0.00","0"
"(FA - )","0","0","0","0","0",".000",".000","0","0","0","0","0","0","0.00","0"
"(FA - )","0","0","0","0","0",".000",".000","0","0","0","0","0","0","0.00","0"
"(FA - )","0","0","0","0","0",".000",".000","0","0","0","0","0","0","0.00","0"
"(FA - )","0","0","0","0","0",".000",".000","0","0","0","0","0","0","0.00","0"
"(FA - )","0","0","0","0","0",".000",".000","0","0","0","0","0","0","0.00","0"
"(FA - )","0","0","0","0","0",".000",".000","0","0","0","0","0","0","0.00","0"
"(FA - )","0","0","0","0","0",".000",".000","0","0","0","0","0","0","0.00","0"
"(FA - )","0","0","0","0","0",".000",".000","0","0","0","0","0","0","0.00","0"
"(FA - )","0","0","0","0","0",".000",".000","0","0","0","0","0","0","0.00","0"
"(FA - )","0","0","0","0","0",".000",".000","0","0","0","0","0","0","0.00","0"
"(FA - )","0","0","0","0","0",".000",".000","0","0","0","0","0","0","0.00","0"
"(FA - )","0","0","0","0","0",".000",".000","0","0","0","0","0","0","0.00","0"
"(FA - )","0","0","0","0","0",".000",".000","0","0","0","0","0","0","0.00","0"
"(FA - )","0","0","0","0","0",".000",".000","0","0","0","0","0","0","0.00","0"
"(FA - )","0","0","0","0","0",".000",".000","0","0","0","0","0","0","0.00","0"
"(FA - )","0","0","0","0","0",".000",".000","0","0","0","0","0","0","0.00","0"
"(FA - )","0","0","0","0","0",".000",".000","0","0","0","0","0","0","0.00","0"
"(FA - )","0","0","0","0","0",".000",".000","0","0","0","0","0","0","0.00","0"
"(FA - )","0","0","0","0","0",".000",".000","0","0","0","0","0","0","0.00","0"
"(FA - )","0","0","0","0","0",".000",".000","0","0","0","0","0","0","0.00","0"
"(FA - )","0","0","0","0","0",".000",".000","0","0","0","0","0","0","0.00","0"
"(FA - )","0","0","0","0","0",".000",".000","0","0","0","0","0","0","0.00","0"
"(FA - )","0","0","0","0","0",".000",".000","0","0","0","0","0","0","0.00","0"
"(FA - )","0","0","0","0","0",".000",".000","0","0","0","0","0","0","0.00","0"
"(FA - )","0","0","0","0","0",".000",".000","0","0","0","0","0","0","0.00","0"
"(FA - )","0","0","0","0","0",".000",".000","0","0","0","0","0","0","0.00","0"
"(FA - )","0","0","0","0","0",".000",".000","0","0","0","0","0","0","0.00","0"
"(FA - )","0","0","0","0","0",".000",".000","0","0","0","0","0","0","0.00","0"
"(FA - )","0","0","0","0","0",".000",".000","0","0","0","0","0","0","0.00","0"
"(FA - )","0","0","0","0","0",".000",".000","0","0","0","0","0","0","0.00","0"
"(FA - )","0","0","0","0","0",".000",".000","0","0","0","0","0","0","0.00","0"
"(FA - )","0","0","0","0","0",".000",".000","0","0","0","0","0","0","0.00","0"
"(FA - )","0","0","0","0","0",".000",".000","0","0","0","0","0","0","0.00","0"
"Chet Holmgren","OKC","PF","0","0","0","0","0",".000",".000","0","0","0","0","0","0","0.00","0"
"(FA - )","0","0","0","0","0",".000",".000","0","0","0","0","0","0","0.00","0"
"(FA - )","0","0","0","0","0",".000",".000","0","0","0","0","0","0","0.00","0"
"(FA - )","0","0","0","0","0",".000",".000","0","0","0","0","0","0","0.00","0"
"(FA - )","0","0","0","0","0",".000",".000","0","0","0","0","0","0","0.00","0"
"(FA - )","0","0","0","0","0",".000",".000","0","0","0","0","0","0","0.00","0"
"(FA - )","0","0","0","0","0",".000",".000","0","0","0","0","0","0","0.00","0"
"(FA - )","0","0","0","0","0",".000",".000","0","0","0","0","0","0","0.00","0"
"Collin Gillespie","DEN","PG","0","0","0","0","0",".000",".000","0","0","0","0","0","0","0.00","0"
"(FA - )","0","0","0","0","0",".000",".000","0","0","0","0","0","0","0.00","0"
"(FA - )","0","0","0","0","0",".000",".000","0","0","0","0","0","0","0.00","0"
"(FA - )","0","0","0","0","0",".000",".000","0","0","0","0","0","0","0.00","0"
"(FA - )","0","0","0","0","0",".000",".000","0","0","0","0","0","0","0.00","0"
"(FA - )","0","0","0","0","0",".000",".000","0","0","0","0","0","0","0.00","0"
"(FA - )","0","0","0","0","0",".000",".000","0","0","0","0","0","0","0.00","0"
"(FA - )","0","0","0","0","0",".000",".000","0","0","0","0","0","0","0.00","0"
"(FA - )","0","0","0","0","0",".000",".000","0","0","0","0","0","0","0.00","0"
"(FA - )","0","0","0","0","0",".000",".000","0","0","0","0","0","0","0.00","0"
"Michael Foster Jr.","FA","F FA","0","0","0","0","0",".000",".000","0","0","1","1","0","0","0.00","0"
"(FA - )","0","0","0","0","0",".000",".000","0","0","0","0","0","0","0.00","0"
"(FA - )","0","0","0","0","0",".000",".000","0","0","0","0","0","0","0.00","0"
"(FA - )","0","0","0","0","0",".000",".000","0","0","0","0","0","0","0.00","0"
"D.J. Augustin","HOU","PG","0","0","0","0","0",".000",".000","0","0","0","0","0","0","0.00","0"
"Justin Lewis","CHI","SF","0","0","0","0","0",".000",".000","0","0","0","0","0","0","0.00","0"
"E.J. Liddell","NOR","PF","0","0","0","0","0",".000",".000","0","0","0","0","0","0","0.00","0"
"(FA - )","0","0","0","0","0",".000",".000","0","0","0","0","0","0","0.00","0"
"(FA - )","0","0","0","0","0",".000",".000","0","0","0","0","0","0","0.00","0"
"(FA - )","0","0","0","0","0",".000",".000","0","0","0","0","0","0","0.00","0"
"(FA - )","0","0","0","0","0",".000",".000","0","0","0","0","0","0","0.00","0"
"Tristan Thompson","LAL","PF,C","0","0","0","0","0",".000",".000","0","0","0","0","0","0","0.00","0"
"(FA - )","0","0","0","0","0",".000",".000","0","0","0","0","0","0","0.00","0"
"Danilo Gallinari","WAS","SF,PF OUT","0","0","0","0","0",".000",".000","0","0","0","0","0","0","0.00","0"
"(FA - )","0","0","0","0","0",".000",".000","0","0","0","0","0","0","0.00","0"
"(FA - )","0","0","0","0","0",".000",".000","0","0","0","0","0","0","0.00","0"
"(FA - )","0","0","0","0","0",".000",".000","0","0","0","0","0","0","0.00","0"
"(FA - )","0","0","0","0","0",".000",".000","0","0","0","0","0","0","0.00","0"
"(FA - )","0","0","0","0","0",".000",".000","0","0","0","0","0","0","0.00","0"
"(FA - )","0","0","0","0","0",".000",".000","0","0","0","0","0","0","0.00","0"
"(FA - )","0","0","0","0","0",".000",".000","0","0","0","0","0","0","0.00","0"
"(FA - )","0","0","0","0","0",".000",".000","0","0","0","0","0","0","0.00","0"
"(FA - )","0","0","0","0","0",".000",".000","0","0","0","0","0","0","0.00","0"
"(FA - )","0","0","0","0","0",".000",".000","0","0","0","0","0","0","0.00","0"
"(FA - )","0","0","0","0","0",".000",".000","0","0","0","0","0","0","0.00","0"
"Alondes Williams","FA","G FA","0","1","0","0","0",".000",".000","0","2","1","5","0","0","0.00","1"
"(FA - )","0","0","0","0","0",".000",".000","0","0","0","0","0","0","0.00","0"
"(FA - )","0","0","0","0","0",".000",".000","0","0","0","0","0","0","0.00","0"
"(FA - )","0","0","0","0","0",".000",".000","0","0","0","0","0","0","0.00","0"
"(FA - )","0","0","0","0","0",".000",".000","0","0","0","0","0","0","0.00","0"
"(FA - )","0","0","0","0","0",".000",".000","0","0","0","0","0","0","0.00","0"
"(FA - )","0","0","0","0","0",".000",".000","0","0","0","0","0","0","0.00","0"
"(FA - )","0","0","0","0","0",".000",".000","0","0","0","0","0","0","0.00","0"
"(FA - )","0","0","0","0","0",".000",".000","0","0","0","0","0","0","0.00","0"
"Ibou Badji","POR","C","0","0","0","0","0",".000",".000","0","0","0","0","0","0","0.00","0"
"(FA - )","0","0","0","0","0",".000",".000","0","0","0","0","0","0","0.00","0"
"(FA - )","0","0","0","0","0",".000",".000","0","0","0","0","0","0","0.00","0"
"(FA - )","0","0","0","0","0",".000",".000","0","0","0","0","0","0","0.00","0"
"(FA - )","0","0","0","0","0",".000",".000","0","0","0","0","0","0","0.00","0"
"(FA - )","0","0","0","0","0",".000",".000","0","0","0","0","0","0","0.00","0"
"(FA - )","0","0","0","0","0",".000",".000","0","0","0","0","0","0","0.00","0"
"(FA - )","0","0","0","0","0",".000",".000","0","0","0","0","0","0","0.00","0"
"(FA - )","0","0","0","0","0",".000",".000","0","0","0","0","0","0","0.00","0"
"(FA - )","0","0","0","0","0",".000",".000","0","0","0","0","0","0","0.00","0"
"(FA - )","0","0","0","0","0",".000",".000","0","0","0","0","0","0","0.00","0"
"(FA - )","0","0","0","0","0",".000",".000","0","0","0","0","0","0","0.00","0"
"(FA - )","0","0","0","0","0",".000",".000","0","0","0","0","0","0","0.00","0"
"(FA - )","0","0","0","0","0",".000",".000","0","0","0","0","0","0","0.00","0"
"(FA - )","0","0","0","0","0",".000",".000","0","0","0","0","0","0","0.00","0"
"(FA - )","0","0","0","0","0",".000",".000","0","0","0","0","0","0","0.00","0"
"Derrick Favors","FA","C,PF FA","0","0","0","0","0",".000",".000","0","0","0","0","0","0","0.00","0"
"(FA - )","0","0","0","0","0",".000",".000","0","0","0","0","0","0","0.00","0"
"(FA - )","0","0","0","0","0",".000",".000","0","0","0","0","0","0","0.00","0"
"(FA - )","0","0","0","0","0",".000",".000","0","0","0","0","0","0","0.00","0"
"(FA - )","0","0","0","0","0",".000",".000","0","0","0","0","0","0","0.00","0"
"(FA - )","0","0","0","0","0",".000",".000","0","0","0","0","0","0","0.00","0"
"(FA - )","0","0","0","0","0",".000",".000","0","0","0","0","0","0","0.00","0"
"(FA - )","0","0","0","0","0",".000",".000","0","0","0","0","0","0","0.00","0"
"(FA - )","0","0","0","0","0",".000",".000","0","0","0","0","0","0","0.00","0"
"(FA - )","0","0","0","0","0",".000",".000","0","0","0","0","0","0","0.00","0"
"(FA - )","0","0","0","0","0",".000",".000","0","0","0","0","0","0","0.00","0"
"(FA - )","0","0","0","0","0",".000",".000","0","0","0","0","0","0","0.00","0"
"Keaton Wallace","FA","G FA","0","0","0","0","0",".000",".000","0","0","0","0","0","0","0.00","0"
"(FA - )","0","0","0","0","0",".000",".000","0","0","0","0","0","0","0.00","0"
"(FA - )","0","0","0","0","0",".000",".000","0","0","0","0","0","0","0.00","0"
"(FA - )","0","0","0","0","0",".000",".000","0","0","0","0","0","0","0.00","0"
"(FA - )","0","0","0","0","0",".000",".000","0","0","0","0","0","0","0.00","0"
"(FA - )","0","0","0","0","0",".000",".000","0","0","0","0","0","0","0.00","0"
"(FA - )","0","0","0","0","0",".000",".000","0","0","0","0","0","0","0.00","0"
"Lonzo Ball","CHI","PG,SG OUT","0","0","0","0","0",".000",".000","0","0","0","0","0","0","0.00","0"
"(FA - )","0","0","0","0","0",".000",".000","0","0","0","0","0","0","0.00","0"
"(FA - )","0","0","0","0","0",".000",".000","0","0","0","0","0","0","0.00","0"
"(FA - )","0","0","0","0","0",".000",".000","0","0","0","0","0","0","0.00","0"
"(FA - )","0","0","0","0","0",".000",".000","0","0","0","0","0","0","0.00","0"
"(FA - )","0","0","0","0","0",".000",".000","0","0","0","0","0","0","0.00","0"
"(FA - )","0","0","0","0","0",".000",".000","0","0","0","0","0","0","0.00","0"
"(FA - )","0","0","0","0","0",".000",".000","0","0","0","0","0","0","0.00","0"
"(FA - )","0","0","0","0","0",".000",".000","0","0","0","0","0","0","0.00","0"
"(FA - )","0","0","0","0","0",".000",".000","0","0","0","0","0","0","0.00","0"
"(FA - )","0","0","0","0","0",".000",".000","0","0","0","0","0","0","0.00","0"
"(FA - )","0","0","0","0","0",".000",".000","0","0","0","0","0","0","0.00","0"
"(FA - )","0","0","0","0","0",".000",".000","0","0","0","0","0","0","0.00","0"
"(FA - )","0","0","0","0","0",".000",".000","0","0","0","0","0","0","0.00","0"
"(FA - )","0","0","0","0","0",".000",".000","0","0","0","0","0","0","0.00","0"
"(FA - )","0","0","0","0","0",".000",".000","0","0","0","0","0","0","0.00","0"
"(FA - )","0","0","0","0","0",".000",".000","0","0","0","0","0","0","0.00","0"
"(FA - )","0","0","0","0","0",".000",".000","0","0","0","0","0","0","0.00","0"
"(FA - )","0","0","0","0","0",".000",".000","0","0","0","0","0","0","0.00","0"
"(FA - )","0","0","0","0","0",".000",".000","0","0","0","0","0","0","0.00","0"
"(FA - )","0","0","0","0","0",".000",".000","0","0","0","0","0","0","0.00","0"
"(FA - )","0","0","0","0","0",".000",".000","0","0","0","0","0","0","0.00","0"
"(FA - )","0","0","0","0","0",".000",".000","0","0","0","0","0","0","0.00","0"
"(FA - )","0","0","0","0","0",".000",".000","0","0","0","0","0","0","0.00","0"
"(FA - )","0","0","0","0","0",".000",".000","0","0","0","0","0","0","0.00","0"
"(FA - )","0","0","0","0","0",".000",".000","0","0","0","0","0","0","0.00","0"
"(FA - )","0","0","0","0","0",".000",".000","0","0","0","0","0","0","0.00","0"
"(FA - )","0","0","0","0","0",".000",".000","0","0","0","0","0","0","0.00","0"
"(FA - )","0","0","0","0","0",".000",".000","0","0","0","0","0","0","0.00","0"
"(FA - )","0","0","0","0","0",".000",".000","0","0","0","0","0","0","0.00","0"
"(FA - )","0","0","0","0","0",".000",".000","0","0","0","0","0","0","0.00","0"
"(FA - )","0","0","0","0","0",".000",".000","0","0","0","0","0","0","0.00","0"
"(FA - )","0","0","0","0","0",".000",".000","0","0","0","0","0","0","0.00","0"
"(FA - )","0","0","0","0","0",".000",".000","0","0","0","0","0","0","0.00","0"
"(FA - )","0","0","0","0","0",".000",".000","0","0","0","0","0","0","0.00","0"
"(FA - )","0","0","0","0","0",".000",".000","0","0","0","0","0","0","0.00","0"
"(FA - )","0","0","0","0","0",".000",".000","0","0","0","0","0","0","0.00","0"
"(FA - )","0","0","0","0","0",".000",".000","0","0","0","0","0","0","0.00","0"
"(FA - )","0","0","0","0","0",".000",".000","0","0","0","0","0","0","0.00","0"
"(FA - )","0","0","0","0","0",".000",".000","0","0","0","0","0","0","0.00","0"
"(FA - )","0","0","0","0","0",".000",".000","0","0","0","0","0","0","0.00","0"
"(FA - )","0","0","0","0","0",".000",".000","0","0","0","0","0","0","0.00","0"
"(FA - )","0","0","0","0","0",".000",".000","0","0","0","0","0","0","0.00","0"
"(FA - )","0","0","0","0","0",".000",".000","0","0","0","0","0","0","0.00","0"
"(FA - )","0","0","0","0","0",".000",".000","0","0","0","0","0","0","0.00","0"
"(FA - )","0","0","0","0","0",".000",".000","0","0","0","0","0","0","0.00","0"
"(FA - )","0","0","0","0","0",".000",".000","0","0","0","0","0","0","0.00","0"
"(FA - )","0","0","0","0","0",".000",".000","0","0","0","0","0","0","0.00","0"
"(FA - )","0","0","0","0","0",".000",".000","0","0","0","0","0","0","0.00","0"
"(FA - )","0","0","0","0","0",".000",".000","0","0","0","0","0","0","0.00","0"
"(FA - )","0","0","0","0","0",".000",".000","0","0","0","0","0","0","0.00","0"
"(FA - )","0","0","0","0","0",".000",".000","0","0","0","0","0","0","0.00","0"
"(FA - )","0","0","0","0","0",".000",".000","0","0","0","0","0","0","0.00","0"
"(FA - )","0","0","0","0","0",".000",".000","0","0","0","0","0","0","0.00","0"
"(FA - )","0","0","0","0","0",".000",".000","0","0","0","0","0","0","0.00","0"
"(FA - )","0","0","0","0","0",".000",".000","0","0","0","0","0","0","0.00","0"
"(FA - )","0","0","0","0","0",".000",".000","0","0","0","0","0","0","0.00","0"
"(FA - )","0","0","0","0","0",".000",".000","0","0","0","0","0","0","0.00","0"
"(FA - )","0","0","0","0","0",".000",".000","0","0","0","0","0","0","0.00","0"
"(FA - )","0","0","0","0","0",".000",".000","0","0","0","0","0","0","0.00","0"
"(FA - )","0","0","0","0","0",".000",".000","0","0","0","0","0","0","0.00","0"
"(FA - )","0","0","0","0","0",".000",".000","0","0","0","0","0","0","0.00","0"
"Feron Hunt","FA","SF FA","0","0","0","0","0",".000",".000","0","0","0","0","0","0","0.00","0"
"(FA - )","0","0","0","0","0",".000",".000","0","0","0","0","0","0","0.00","0"
"(FA - )","0","0","0","0","0",".000",".000","0","0","0","0","0","0","0.00","0"
"(FA - )","0","0","0","0","0",".000",".000","0","0","0","0","0","0","0.00","0"
"(FA - )","0","0","0","0","0",".000",".000","0","0","0","0","0","0","0.00","0"
"(FA - )","0","0","0","0","0",".000",".000","0","0","0","0","0","0","0.00","0"
"(FA - )","0","0","0","0","0",".000",".000","0","0","0","0","0","0","0.00","0"
"(FA - )","0","0","0","0","0",".000",".000","0","0","0","0","0","0","0.00","0"
"DaQuan Jeffries","NYK","PG,SG","0","0","0","0","0",".000",".000","0","0","0","0","0","0","0.00","0"
"(FA - )","0","0","0","0","0",".000",".000","0","0","0","0","0","0","0.00","0"
"(FA - )","0","0","0","0","0",".000",".000","0","0","0","0","0","0","0.00","0"
"(FA - )","0","0","0","0","0",".000",".000","0","0","0","0","0","0","0.00","0"
"(FA - )","0","0","0","0","0",".000",".000","0","0","0","0","0","0","0.00","0"
"(FA - )","0","0","0","0","0",".000",".000","0","0","0","0","0","0","0.00","0"
"(FA - )","0","0","0","0","0",".000",".000","0","0","0","0","0","0","0.00","0"
"(FA - )","0","0","0","0","0",".000",".000","0","0","0","0","0","0","0.00","0"
"(FA - )","0","0","0","0","0",".000",".000","0","0","0","0","0","0","0.00","0"
"(FA - )","0","0","0","0","0",".000",".000","0","0","0","0","0","0","0.00","0"
"(FA - )","0","0","0","0","0",".000",".000","0","0","0","0","0","0","0.00","0"
"(FA - )","0","0","0","0","0",".000",".000","0","0","0","0","0","0","0.00","0"
"(FA - )","0","0","0","0","0",".000",".000","0","0","0","0","0","0","0.00","0"
"(FA - )","0","0","0","0","0",".000",".000","0","0","0","0","0","0","0.00","0"
"(FA - )","0","0","0","0","0",".000",".000","0","0","0","0","0","0","0.00","0"
"(FA - )","0","0","0","0","0",".000",".000","0","0","0","0","0","0","0.00","0"
"(FA - )","0","0","0","0","0",".000",".000","0","0","0","0","0","0","0.00","0"
"(FA - )","0","0","0","0","0",".000",".000","0","0","0","0","0","0","0.00","0"
"(FA - )","0","0","0","0","0",".000",".000","0","0","0","0","0","0","0.00","0"
"(FA - )","0","0","0","0","0",".000",".000","0","0","0","0","0","0","0.00","0"
"(FA - )","0","0","0","0","0",".000",".000","0","0","0","0","0","0","0.00","0"
"Frank Jackson","FA","PG,SG FA","0","2","1","0","0",".000",".000","0","0","1","5","0","0","0.00","0"
"(FA - )","0","0","0","0","0",".000",".000","0","0","0","0","0","0","0.00","0"
"Sterling Brown","FA","SG,SF FA","0","8","2","0","3",".000",".000","0","0","4","24","0","0","0.00","4"
"(FA - )","0","0","0","0","0",".000",".000","0","0","0","0","0","0","0.00","0"
"(FA - )","0","0","0","0","0",".000",".000","0","0","0","0","0","0","0.00","0"
"(FA - )","0","0","0","0","0",".000",".000","0","0","0","0","0","0","0.00","0"
"(FA - )","0","0","0","0","0",".000",".000","0","0","0","0","0","0","0.00","0"
"(FA - )","0","0","0","0","0",".000",".000","0","0","0","0","0","0","0.00","0"
"(FA - )","0","0","0","0","0",".000",".000","0","0","0","0","0","0","0.00","0"
"(FA - )","0","0","0","0","0",".000",".000","0","0","0","0","0","0","0.00","0"
"(FA - )","0","0","0","0","0",".000",".000","0","0","0","0","0","0","0.00","0"
"(FA - )","0","0","0","0","0",".000",".000","0","0","0","0","0","0","0.00","0"
"(FA - )","0","0","0","0","0",".000",".000","0","0","0","0","0","0","0.00","0"
"(FA - )","0","0","0","0","0",".000",".000","0","0","0","0","0","0","0.00","0"
"(FA - )","0","0","0","0","0",".000",".000","0","0","0","0","0","0","0.00","0"
"(FA - )","0","0","0","0","0",".000",".000","0","0","0","0","0","0","0.00","0"
"(FA - )","0","0","0","0","0",".000",".000","0","0","0","0","0","0","0.00","0"
"(FA - )","0","0","0","0","0",".000",".000","0","0","0","0","0","0","0.00","0"
"(FA - )","0","0","0","0","0",".000",".000","0","0","0","0","0","0","0.00","0"
"(FA - )","0","0","0","0","0",".000",".000","0","0","0","0","0","0","0.00","0"
"(FA - )","0","0","0","0","0",".000",".000","0","0","0","0","0","0","0.00","0"
"(FA - )","0","0","0","0","0",".000",".000","0","0","0","0","0","0","0.00","0"
"(FA - )","0","0","0","0","0",".000",".000","0","0","0","0","0","0","0.00","0"
"(FA - )","0","0","0","0","0",".000",".000","0","0","0","0","0","0","0.00","0"
"(FA - )","0","0","0","0","0",".000",".000","0","0","0","0","0","0","0.00","0"
"(FA - )","0","0","0","0","0",".000",".000","0","0","0","0","0","0","0.00","0"
"(FA - )","0","0","0","0","0",".000",".000","0","0","0","0","0","0","0.00","0"
"(FA - )","0","0","0","0","0",".000",".000","0","0","0","0","0","0","0.00","0"
"(FA - )","0","0","0","0","0",".000",".000","0","0","0","0","0","0","0.00","0"
"(FA - )","0","0","0","0","0",".000",".000","0","0","0","0","0","0","0.00","0"
"(FA - )","0","0","0","0","0",".000",".000","0","0","0","0","0","0","0.00","0"
"(FA - )","0","0","0","0","0",".000",".000","0","0","0","0","0","0","0.00","0"
"(FA - )","0","0","0","0","0",".000",".000","0","0","0","0","0","0","0.00","0"
"(FA - )","0","0","0","0","0",".000",".000","0","0","0","0","0","0","0.00","0"
"(FA - )","0","0","0","0","0",".000",".000","0","0","0","0","0","0","0.00","0"
"(FA - )","0","0","0","0","0",".000",".000","0","0","0","0","0","0","0.00","0"
"(FA - )","0","0","0","0","0",".000",".000","0","0","0","0","0","0","0.00","0"
"(FA - )","0","0","0","0","0",".000",".000","0","0","0","0","0","0","0.00","0"
"(FA - )","0","0","0","0","0",".000",".000","0","0","0","0","0","0","0.00","0"
"(FA - )","0","0","0","0","0",".000",".000","0","0","0","0","0","0","0.00","0"
"(FA - )","0","0","0","0","0",".000",".000","0","0","0","0","0","0","0.00","0"
"(FA - )","0","0","0","0","0",".000",".000","0","0","0","0","0","0","0.00","0"
"(FA - )","0","0","0","0","0",".000",".000","0","0","0","0","0","0","0.00","0"
"(FA - )","0","0","0","0","0",".000",".000","0","0","0","0","0","0","0.00","0"
"(FA - )","0","0","0","0","0",".000",".000","0","0","0","0","0","0","0.00","0"
"(FA - )","0","0","0","0","0",".000",".000","0","0","0","0","0","0","0.00","0"
"(FA - )","0","0","0","0","0",".000",".000","0","0","0","0","0","0","0.00","0"
"(FA - )","0","0","0","0","0",".000",".000","0","0","0","0","0","0","0.00","0"
"Kostas Antetokounmpo","FA","PF,C FA","0","0","0","0","0",".000",".000","0","0","0","0","0","0","0.00","0"
"(FA - )","0","0","0","0","0",".000",".000","0","0","0","0","0","0","0.00","0"
"(FA - )","0","0","0","0","0",".000",".000","0","0","0","0","0","0","0.00","0"
"(FA - )","0","0","0","0","0",".000",".000","0","0","0","0","0","0","0.00","0"
"(FA - )","0","0","0","0","0",".000",".000","0","0","0","0","0","0","0.00","0"
"(FA - )","0","0","0","0","0",".000",".000","0","0","0","0","0","0","0.00","0"
"(FA - )","0","0","0","0","0",".000",".000","0","0","0","0","0","0","0.00","0"
"(FA - )","0","0","0","0","0",".000",".000","0","0","0","0","0","0","0.00","0"
"(FA - )","0","0","0","0","0",".000",".000","0","0","0","0","0","0","0.00","0"
"(FA - )","0","0","0","0","0",".000",".000","0","0","0","0","0","0","0.00","0"
"(FA - )","0","0","0","0","0",".000",".000","0","0","0","0","0","0","0.00","0"
"(FA - )","0","0","0","0","0",".000",".000","0","0","0","0","0","0","0.00","0"
"(FA - )","0","0","0","0","0",".000",".000","0","0","0","0","0","0","0.00","0"
"(FA - )","0","0","0","0","0",".000",".000","0","0","0","0","0","0","0.00","0"
"(FA - )","0","0","0","0","0",".000",".000","0","0","0","0","0","0","0.00","0"
"(FA - )","0","0","0","0","0",".000",".000","0","0","0","0","0","0","0.00","0"
"(FA - )","0","0","0","0","0",".000",".000","0","0","0","0","0","0","0.00","0"
"(FA - )","0","0","0","0","0",".000",".000","0","0","0","0","0","0","0.00","0"
"(FA - )","0","0","0","0","0",".000",".000","0","0","0","0","0","0","0.00","0"
"(FA - )","0","0","0","0","0",".000",".000","0","0","0","0","0","0","0.00","0"
"(FA - )","0","0","0","0","0",".000",".000","0","0","0","0","0","0","0.00","0"
"(FA - )","0","0","0","0","0",".000",".000","0","0","0","0","0","0","0.00","0"
"(FA - )","0","0","0","0","0",".000",".000","0","0","0","0","0","0","0.00","0"
"(FA - )","0","0","0","0","0",".000",".000","0","0","0","0","0","0","0.00","0"
"(FA - )","0","0","0","0","0",".000",".000","0","0","0","0","0","0","0.00","0"
"(FA - )","0","0","0","0","0",".000",".000","0","0","0","0","0","0","0.00","0"
"(FA - )","0","0","0","0","0",".000",".000","0","0","0","0","0","0","0.00","0"
"(FA - )","0","0","0","0","0",".000",".000","0","0","0","0","0","0","0.00","0"
"(FA - )","0","0","0","0","0",".000",".000","0","0","0","0","0","0","0.00","0"
"(FA - )","0","0","0","0","0",".000",".000","0","0","0","0","0","0","0.00","0"
"(FA - )","0","0","0","0","0",".000",".000","0","0","0","0","0","0","0.00","0"
"(FA - )","0","0","0","0","0",".000",".000","0","0","0","0","0","0","0.00","0"
"(FA - )","0","0","0","0","0",".000",".000","0","0","0","0","0","0","0.00","0"
"(FA - )","0","0","0","0","0",".000",".000","0","0","0","0","0","0","0.00","0"
"(FA - )","0","0","0","0","0",".000",".000","0","0","0","0","0","0","0.00","0"
"(FA - )","0","0","0","0","0",".000",".000","0","0","0","0","0","0","0.00","0"
"(FA - )","0","0","0","0","0",".000",".000","0","0","0","0","0","0","0.00","0"
"(FA - )","0","0","0","0","0",".000",".000","0","0","0","0","0","0","0.00","0"
"(FA - )","0","0","0","0","0",".000",".000","0","0","0","0","0","0","0.00","0"
"(FA - )","0","0","0","0","0",".000",".000","0","0","0","0","0","0","0.00","0"
""
""